State,Year,TotalOverdose,TotalDeath,OverdoseProp,PolicyState,Post
AK,2003,42,1556,0.02699228791773779,False,False
AK,2004,38,1446,0.02627939142461964,False,False
AK,2005,39,1573,0.024793388429752067,False,False
AK,2006,37,1666,0.02220888355342137,False,False
AK,2007,47,1766,0.026613816534541337,False,False
AK,2008,74,1738,0.04257767548906789,False,False
AK,2009,99,2580,0.03837209302325582,False,False
AK,2010,43,1891,0.022739291380222106,False,False
AK,2011,64,1974,0.03242147922998987,False,False
AK,2012,86,2342,0.036720751494449186,False,False
AK,2013,66,2546,0.025923016496465043,False,False
AK,2014,77,2602,0.02959262106072252,False,False
AK,2015,78,2662,0.029301277235161533,False,False
AL,2003,73,12801,0.005702679478165769,False,False
AL,2004,120,18066,0.006642311524410495,False,False
AL,2005,121,18607,0.006502929005213091,False,False
AL,2006,175,19042,0.009190211112278123,False,False
AL,2007,287,23721,0.012098984022596012,False,False
AL,2008,361,26850,0.013445065176908752,False,False
AL,2009,409,28555,0.014323235860619857,False,False
AL,2010,321,27427,0.011703795529952236,False,False
AL,2011,344,27736,0.012402653591000866,False,False
AL,2012,363,27788,0.013063192745069814,False,False
AL,2013,437,30817,0.014180484797352112,False,False
AL,2014,517,30984,0.0166860315001291,False,False
AL,2015,534,32519,0.016421169162643377,False,False
AR,2003,18,3357,0.005361930294906166,False,False
AR,2004,35,3231,0.010832559579077685,False,False
AR,2005,61,5409,0.011277500462192641,False,False
AR,2006,72,7527,0.009565563969709047,False,False
AR,2007,81,7044,0.011499148211243612,False,True
AR,2008,107,9545,0.011210057621791513,False,True
AR,2009,104,8505,0.012228101116990006,False,True
AR,2010,144,10206,0.014109347442680775,False,True
AR,2011,135,12000,0.01125,False,True
AR,2012,123,10990,0.011191992720655141,False,True
AR,2013,113,10003,0.01129661101669499,False,True
AR,2014,142,11918,0.01191475079711361,False,True
AR,2015,125,10568,0.011828160484481454,False,True
AZ,2003,373,4247,0.08782670120084765,False,False
AZ,2004,421,421,1.0,False,False
AZ,2005,36,3049,0.011807149885208265,False,False
AZ,2006,30,3099,0.00968054211035818,False,False
AZ,2007,486,4908,0.09902200488997555,False,False
AZ,2008,81,4431,0.01828029790115098,False,False
AZ,2009,408,14064,0.02901023890784983,False,False
AZ,2010,187,8740,0.02139588100686499,False,False
AZ,2011,149,9013,0.016531676467324976,False,False
AZ,2012,349,15302,0.022807476146908902,False,False
AZ,2013,1087,16829,0.06459088478222116,False,False
AZ,2014,906,17056,0.053119136960600374,False,False
AZ,2015,1178,52637,0.02237969489142618,False,False
CA,2003,2809,228206,0.012309054100242764,False,False
CA,2004,2863,222203,0.012884614519155907,False,False
CA,2005,2971,228593,0.012996898417711828,False,False
CA,2006,3207,226885,0.014134914163563038,False,False
CA,2007,3614,227163,0.01590928100086722,False,False
CA,2008,3555,226610,0.01568774546577821,False,False
CA,2009,3782,224948,0.016812774507886267,False,False
CA,2010,3773,227176,0.01660826847906469,False,False
CA,2011,3948,234930,0.016805005746392543,False,False
CA,2012,3780,235968,0.01601912123677787,False,True
CA,2013,4223,242449,0.01741809617692793,False,True
CA,2014,4292,240939,0.017813637476705724,False,True
CA,2015,4412,253614,0.017396515965206968,False,True
CO,2003,361,22097,0.01633705932932072,False,False
CO,2004,370,18630,0.019860440150295224,False,False
CO,2005,438,21483,0.020388213936601035,False,False
CO,2006,481,21422,0.022453552422742974,False,False
CO,2007,556,23152,0.02401520387007602,False,False
CO,2008,565,24627,0.022942299102610954,False,False
CO,2009,581,25391,0.02288212358709779,False,False
CO,2010,497,25617,0.01940117890463364,False,False
CO,2011,674,26605,0.025333583912798347,False,False
CO,2012,612,27095,0.022587193209079166,False,True
CO,2013,679,27643,0.024563180552038492,False,True
CO,2014,714,28854,0.024745269286754003,False,True
CO,2015,727,29983,0.02424707334156022,False,True
CT,2003,278,27311,0.010179048734941964,False,False
CT,2004,279,28352,0.009840575620767494,False,False
CT,2005,243,26318,0.00923322440914963,False,False
CT,2006,358,26979,0.013269580043737721,False,False
CT,2007,374,27616,0.01354287369640788,False,False
CT,2008,341,27844,0.012246803620169515,False,False
CT,2009,366,28528,0.012829500841278743,False,False
CT,2010,316,27586,0.011455085913144349,False,False
CT,2011,359,28459,0.012614638602902422,False,False
CT,2012,399,29232,0.013649425287356323,False,False
CT,2013,543,29561,0.01836879672541524,False,False
CT,2014,591,29786,0.01984153629221782,False,False
CT,2015,777,30477,0.025494635298749877,False,False
DC,2003,90,5560,0.01618705035971223,False,False
DC,2004,80,5447,0.014686983660730677,False,False
DC,2005,70,5476,0.012783053323593864,False,False
DC,2006,85,5328,0.015953453453453455,False,False
DC,2007,61,5184,0.011766975308641976,False,False
DC,2008,48,5125,0.009365853658536585,False,False
DC,2009,24,4829,0.004969973079312487,False,False
DC,2010,71,4656,0.01524914089347079,False,False
DC,2011,79,4568,0.017294220665499124,False,False
DC,2012,71,4632,0.015328151986183074,False,False
DC,2013,101,4713,0.02143008699342245,False,False
DC,2014,80,4707,0.016995963458678563,False,False
DC,2015,114,4855,0.023480947476828013,False,False
DE,2003,64,5219,0.012262885610270167,False,False
DE,2004,50,5969,0.008376612497905847,False,False
DE,2005,37,4237,0.008732593816379515,False,False
DE,2006,52,5270,0.009867172675521821,False,False
DE,2007,60,6040,0.009933774834437087,False,False
DE,2008,97,7579,0.012798522232484497,False,False
DE,2009,117,7508,0.015583377730420884,False,False
DE,2010,117,7670,0.015254237288135594,False,False
DE,2011,139,7802,0.017815944629582157,False,False
DE,2012,122,7841,0.015559239892870808,False,False
DE,2013,143,7919,0.018057835585301173,False,False
DE,2014,168,8233,0.020405684440665615,False,False
DE,2015,180,8549,0.021055094163060006,False,False
FL,2003,1789,154749,0.011560656288570524,True,False
FL,2004,2007,155627,0.01289621980761693,True,False
FL,2005,2106,156890,0.013423417681177895,True,False
FL,2006,2303,151794,0.015171877676324493,True,False
FL,2007,2546,154709,0.016456702583560103,True,False
FL,2008,2660,154486,0.01721838872130808,True,False
FL,2009,2795,153620,0.01819424554094519,True,False
FL,2010,2748,158937,0.01728986957096208,True,True
FL,2011,2667,163426,0.016319312716458825,True,True
FL,2012,2299,162839,0.014118239488083321,True,True
FL,2013,2180,165436,0.013177301192001742,True,True
FL,2014,2448,173714,0.014092128441000726,True,True
FL,2015,3022,181035,0.01669290468693899,True,True
GA,2003,224,24222,0.009247791264140038,False,False
GA,2004,341,29821,0.011434894872740686,False,False
GA,2005,371,31245,0.011873899823971835,False,False
GA,2006,412,31162,0.013221230986457866,False,False
GA,2007,459,33463,0.013716642261602368,False,False
GA,2008,531,37489,0.014164154818746832,False,False
GA,2009,547,37178,0.014713002313195975,False,False
GA,2010,619,38101,0.01624629274822183,False,False
GA,2011,665,41943,0.015854850630617742,False,False
GA,2012,688,44959,0.015302831468671457,False,False
GA,2013,641,41746,0.015354764528338045,False,False
GA,2014,801,45405,0.017641228939544104,False,False
GA,2015,886,48373,0.018316002728794988,False,False
HI,2003,73,7616,0.009585084033613446,False,False
HI,2004,80,7626,0.01049042748492001,False,False
HI,2005,106,7690,0.013784135240572171,False,False
HI,2006,58,6626,0.008753395713854513,False,False
HI,2007,103,7933,0.01298373881255515,False,False
HI,2008,94,8026,0.01171193620732619,False,False
HI,2009,109,8339,0.013071111644082024,False,False
HI,2010,111,8118,0.013673318551367332,False,False
HI,2011,159,9373,0.01696361890536648,False,False
HI,2012,120,8247,0.014550745725718442,False,False
HI,2013,129,9906,0.013022410660205935,False,False
HI,2014,127,10223,0.012422967817666048,False,False
HI,2015,147,10458,0.014056224899598393,False,False
IA,2003,13,2847,0.0045662100456621,False,False
IA,2004,25,4217,0.005928385107896609,False,False
IA,2005,37,4372,0.008462946020128087,False,False
IA,2006,43,5697,0.007547832192381956,False,False
IA,2007,68,5790,0.011744386873920553,False,False
IA,2008,66,5827,0.011326583147417196,False,False
IA,2009,71,5870,0.012095400340715502,False,False
IA,2010,78,5982,0.013039117352056168,False,False
IA,2011,86,6154,0.013974650633734157,False,False
IA,2012,95,6177,0.015379634126598672,False,False
IA,2013,116,7320,0.015846994535519125,False,False
IA,2014,89,7102,0.012531681216558717,False,False
IA,2015,118,6602,0.017873371705543775,False,False
ID,2003,17,1997,0.008512769153730596,False,False
ID,2004,21,1955,0.010741687979539642,False,False
ID,2005,20,2158,0.009267840593141797,False,False
ID,2006,44,3146,0.013986013986013986,False,False
ID,2007,32,2243,0.014266607222469906,False,False
ID,2008,63,4050,0.015555555555555555,False,False
ID,2009,78,4704,0.016581632653061226,False,False
ID,2010,75,4804,0.015611990008326394,False,False
ID,2011,78,5204,0.01498847040737894,False,False
ID,2012,68,5226,0.013011863758132415,False,False
ID,2013,111,5541,0.020032485110990796,False,False
ID,2014,136,6850,0.019854014598540148,False,False
ID,2015,101,5770,0.01750433275563258,False,False
IL,2003,615,64601,0.009519976470952462,False,False
IL,2004,767,70421,0.010891637437696142,False,False
IL,2005,827,71942,0.011495371271301883,False,False
IL,2006,1070,69595,0.015374667720382212,False,False
IL,2007,909,72971,0.012457003467130778,False,False
IL,2008,1016,76557,0.013271157438248625,False,False
IL,2009,1028,75530,0.013610485899642526,False,False
IL,2010,988,72288,0.01366755201416556,False,False
IL,2011,1095,78665,0.013919786436153308,False,False
IL,2012,1294,78777,0.016426114221155922,False,False
IL,2013,1212,76637,0.01581481529809361,False,False
IL,2014,1314,81401,0.016142307834056093,False,False
IL,2015,1478,83430,0.017715450077909624,False,False
IN,2003,138,17843,0.007734125427338452,False,False
IN,2004,233,26247,0.008877205013906351,False,False
IN,2005,264,21972,0.012015292190060076,False,False
IN,2006,373,30526,0.012219091921640569,False,False
IN,2007,423,31166,0.013572482833857409,False,False
IN,2008,453,31597,0.01433680412697408,False,False
IN,2009,525,34957,0.015018451240094974,False,False
IN,2010,564,35939,0.015693258020534794,False,False
IN,2011,588,36229,0.01623009191531646,False,False
IN,2012,668,38309,0.017437155759743143,False,False
IN,2013,694,40427,0.017166744997155366,False,False
IN,2014,841,42392,0.01983864880166069,False,False
IN,2015,882,40692,0.02167502211736951,False,False
KS,2003,74,6699,0.011046424839528288,False,False
KS,2004,104,9508,0.01093815734118637,False,False
KS,2005,126,10057,0.012528587053793378,False,False
KS,2006,96,8532,0.011251758087201125,False,False
KS,2007,102,8267,0.012338212168864158,False,True
KS,2008,102,10325,0.009878934624697336,False,True
KS,2009,140,10085,0.013882002974714923,False,True
KS,2010,109,10150,0.010738916256157636,False,True
KS,2011,112,10438,0.010730024908986396,False,True
KS,2012,158,11928,0.01324614352783367,False,True
KS,2013,151,10411,0.014503890116223226,False,True
KS,2014,175,12451,0.01405509597622681,False,True
KS,2015,161,12983,0.012400831857043826,False,True
KY,2003,276,16098,0.01714498695490123,False,False
KY,2004,185,12812,0.01443958788635654,False,False
KY,2005,275,16238,0.016935583199901464,False,False
KY,2006,331,18402,0.017987175307031845,False,False
KY,2007,288,15718,0.018322941850108156,False,False
KY,2008,401,18982,0.021125276577810558,False,False
KY,2009,385,18332,0.021001527383809733,False,False
KY,2010,616,21241,0.02900051786639047,False,False
KY,2011,605,21389,0.02828556734770209,False,False
KY,2012,704,24294,0.0289783485634313,False,False
KY,2013,611,23028,0.02653291644953969,False,False
KY,2014,654,21271,0.03074608622067604,False,False
KY,2015,830,25282,0.0328296811961079,False,False
LA,2003,354,25196,0.014049849182409906,False,False
LA,2004,335,24361,0.013751488034152949,False,False
LA,2005,466,28895,0.016127357674338122,False,False
LA,2006,509,25019,0.020344538151005235,False,False
LA,2007,562,27146,0.020702865983938702,False,False
LA,2008,428,26245,0.016307868165364833,False,False
LA,2009,382,25001,0.015279388824447022,False,False
LA,2010,379,26701,0.014194224935395678,False,True
LA,2011,372,24817,0.014989724785429343,False,True
LA,2012,377,24688,0.01527057679844459,False,True
LA,2013,624,29613,0.021071826562658293,False,True
LA,2014,554,28123,0.01969917860825659,False,True
LA,2015,649,30674,0.021157983960357306,False,True
MA,2003,725,53774,0.013482352066054228,False,False
MA,2004,558,51999,0.010730975595684533,False,False
MA,2005,690,51766,0.013329212224239849,False,False
MA,2006,870,51026,0.017050131305608906,False,False
MA,2007,848,51986,0.016312084022621475,False,False
MA,2008,717,52511,0.013654281959970292,False,False
MA,2009,726,51327,0.014144602256122508,False,False
MA,2010,656,51599,0.012713424678772844,False,False
MA,2011,747,51535,0.014495003395750461,False,False
MA,2012,805,52204,0.015420274308482109,False,False
MA,2013,1029,54245,0.01896949027560144,False,False
MA,2014,1220,54856,0.02224004666763891,False,False
MA,2015,1648,57458,0.028681819764001533,False,False
MD,2003,636,37298,0.01705185264625449,False,False
MD,2004,538,35230,0.015271075787680954,False,False
MD,2005,521,35874,0.014523052907398115,False,False
MD,2006,645,39091,0.016499961627996215,False,False
MD,2007,623,37367,0.016672465009232744,False,False
MD,2008,570,38544,0.014788293897882939,False,False
MD,2009,632,38603,0.016371784576328263,False,False
MD,2010,494,37953,0.013016098859115222,False,False
MD,2011,557,37506,0.014850957180184504,False,False
MD,2012,682,39753,0.017155937916635222,False,False
MD,2013,699,39906,0.017516162983010074,False,False
MD,2014,904,40963,0.022068696140419404,False,False
MD,2015,1145,43756,0.026167839839107778,False,False
ME,2003,57,5314,0.010726383138878434,False,False
ME,2004,77,6511,0.011826140377822147,False,False
ME,2005,71,6668,0.010647870425914818,False,False
ME,2006,87,6501,0.01338255652976465,False,False
ME,2007,90,7060,0.012747875354107648,False,False
ME,2008,96,7560,0.012698412698412698,False,False
ME,2009,80,6411,0.012478552487911403,False,False
ME,2010,75,7798,0.009617850730956655,False,False
ME,2011,92,8829,0.010420206138860574,False,False
ME,2012,52,4118,0.012627489072365225,False,False
ME,2013,105,8310,0.01263537906137184,False,False
ME,2014,136,8838,0.015388096854491967,False,False
ME,2015,181,8893,0.02035308669740245,False,False
MI,2003,482,54032,0.008920639620965353,False,False
MI,2004,547,53240,0.010274229902329075,False,False
MI,2005,655,60183,0.010883472076832329,False,False
MI,2006,823,60303,0.013647745551630931,False,False
MI,2007,922,65037,0.01417654565862509,False,False
MI,2008,922,64800,0.014228395061728395,False,False
MI,2009,1088,65459,0.016621091064635878,False,False
MI,2010,1039,66394,0.015649004428110975,False,False
MI,2011,1033,66668,0.015494690106197875,False,False
MI,2012,986,64830,0.015209008175227518,False,False
MI,2013,1254,68929,0.01819263299917306,False,False
MI,2014,1417,70437,0.020117267913170634,False,False
MI,2015,1579,71534,0.02207341963262225,False,False
MN,2003,114,15034,0.007582812292137821,False,False
MN,2004,110,12808,0.008588382261086821,False,False
MN,2005,132,12983,0.010167141646768851,False,False
MN,2006,149,13648,0.010917350527549824,False,False
MN,2007,161,14793,0.010883525992023255,False,False
MN,2008,193,15189,0.012706563960761077,False,False
MN,2009,230,18812,0.012226238571124814,False,False
MN,2010,229,18709,0.012240098348388476,False,False
MN,2011,302,21022,0.014365902387974503,False,False
MN,2012,281,20069,0.014001694155164682,False,False
MN,2013,324,21655,0.014961902562918494,False,False
MN,2014,312,22405,0.013925463066279849,False,False
MN,2015,371,22274,0.016656191074795726,False,False
MO,2003,275,28361,0.009696414089771165,False,False
MO,2004,292,27526,0.010608152292378116,False,False
MO,2005,332,27688,0.011990754117307137,False,False
MO,2006,433,27158,0.01594373665218352,False,False
MO,2007,406,29029,0.013986013986013986,False,False
MO,2008,459,32371,0.014179358067406011,False,False
MO,2009,546,32580,0.016758747697974218,False,False
MO,2010,647,32367,0.019989495473785028,False,False
MO,2011,620,32325,0.019180201082753288,False,False
MO,2012,574,32470,0.0176778564829073,False,False
MO,2013,622,31055,0.020028980840444372,False,False
MO,2014,730,34846,0.020949319864546862,False,False
MO,2015,718,33821,0.021229413677892432,False,False
MS,2003,63,3392,0.01857311320754717,False,False
MS,2004,88,4842,0.018174308137133416,False,False
MS,2005,90,4191,0.021474588403722263,False,False
MS,2006,140,6659,0.021024177804475148,False,False
MS,2007,112,4403,0.025437201907790145,False,False
MS,2008,106,5639,0.01879765915942543,False,False
MS,2009,98,4022,0.024365987071108902,False,False
MS,2010,121,5562,0.021754764473211074,False,True
MS,2011,105,5188,0.020239013107170394,False,True
MS,2012,104,5900,0.017627118644067796,False,True
MS,2013,121,6472,0.01869592088998764,False,True
MS,2014,114,6511,0.017508831208723697,False,True
MS,2015,123,9065,0.013568670711527854,False,True
MT,2003,22,1856,0.011853448275862068,False,False
MT,2005,12,709,0.01692524682651622,False,False
MT,2006,10,1241,0.008058017727639,False,False
MT,2007,20,1990,0.010050251256281407,False,False
MT,2008,34,2177,0.015617822691777675,False,False
MT,2009,35,1633,0.021432945499081445,False,False
MT,2010,29,2054,0.014118792599805257,False,False
MT,2011,15,1321,0.011355034065102196,False,False
MT,2012,36,2873,0.012530455969369997,False,False
MT,2013,62,3863,0.01604970230390888,False,False
MT,2014,24,2270,0.010572687224669603,False,False
MT,2015,41,3276,0.012515262515262516,False,False
NC,2003,375,36612,0.010242543428384137,False,False
NC,2004,446,37149,0.012005706748499287,False,False
NC,2005,616,46092,0.013364575197431224,False,False
NC,2006,653,47776,0.013667950435365037,False,False
NC,2007,600,44542,0.013470432400880068,False,False
NC,2008,770,52943,0.014543943486391025,False,False
NC,2009,745,50543,0.014739924420790218,False,False
NC,2010,705,52471,0.01343599321529988,False,False
NC,2011,887,55581,0.015958690919558843,False,False
NC,2012,827,55821,0.014815212912703105,False,False
NC,2013,821,58433,0.014050279807642941,False,False
NC,2014,897,58685,0.01528499616597086,False,False
NC,2015,1126,69370,0.016231800490125414,False,False
ND,2014,10,1046,0.009560229445506692,False,False
NE,2004,13,3497,0.0037174721189591076,False,False
NE,2005,27,3539,0.007629273806159932,False,False
NE,2006,41,5209,0.007870992512958341,False,False
NE,2007,43,5342,0.008049419692998877,False,False
NE,2008,40,5524,0.00724112961622013,False,False
NE,2009,46,5198,0.008849557522123894,False,False
NE,2010,46,5449,0.008441915947880345,False,False
NE,2011,70,6508,0.0107559926244622,False,False
NE,2012,75,5744,0.013057103064066853,False,False
NE,2013,45,5860,0.007679180887372013,False,False
NE,2014,67,6011,0.011146231908168358,False,False
NE,2015,59,6358,0.009279647687952187,False,False
NH,2003,68,6544,0.01039119804400978,False,False
NH,2004,77,6854,0.011234315728042019,False,False
NH,2005,88,7589,0.011595730662801423,False,False
NH,2006,75,5712,0.013130252100840336,False,False
NH,2007,149,8069,0.018465733052422852,False,False
NH,2008,64,6008,0.010652463382157125,False,False
NH,2009,87,5654,0.01538733639900955,False,False
NH,2010,92,5699,0.01614318301456396,False,False
NH,2011,138,8103,0.017030729359496483,False,False
NH,2012,115,6738,0.017067379044226772,False,False
NH,2013,142,8058,0.017622238768925293,False,False
NH,2014,281,10487,0.026795079622389625,False,False
NH,2015,369,10731,0.034386357282639085,False,False
NJ,2003,618,70712,0.008739676433985745,False,False
NJ,2004,479,65527,0.007309963831702962,False,False
NJ,2005,700,69003,0.010144486471602683,False,False
NJ,2006,743,65588,0.01132829176068793,False,False
NJ,2007,634,65556,0.009671120873756787,False,False
NJ,2008,574,63753,0.009003497874609823,False,False
NJ,2009,160,22237,0.007195215181904034,False,False
NJ,2010,753,66548,0.011315140950892588,False,False
NJ,2011,894,69564,0.012851474900810764,False,False
NJ,2012,1122,69441,0.016157601417030286,False,False
NJ,2013,1203,69661,0.017269347267481087,False,False
NJ,2014,1126,70373,0.01600045471984994,False,False
NJ,2015,1360,72054,0.018874732839259445,False,False
NM,2003,257,9489,0.027083991990726104,False,False
NM,2004,210,7986,0.02629601803155522,False,False
NM,2005,261,9256,0.028197925669835783,False,False
NM,2006,305,10212,0.029866823345084215,False,False
NM,2007,307,10138,0.030282106924442692,False,True
NM,2008,375,11222,0.033416503297094995,False,True
NM,2009,322,11489,0.028026808251370876,False,True
NM,2010,330,10979,0.030057382275252755,False,True
NM,2011,408,12297,0.03317882410343986,False,True
NM,2012,381,12197,0.031237189472821187,False,True
NM,2013,311,11674,0.026640397464450915,False,True
NM,2014,413,12814,0.032230373029498986,False,True
NM,2015,377,12988,0.029026793963658763,False,True
NV,2003,306,15010,0.020386409060626248,False,False
NV,2004,335,15609,0.02146197706451406,False,False
NV,2005,415,16531,0.025104349404149778,False,False
NV,2006,392,15848,0.024734982332155476,False,False
NV,2007,450,15615,0.02881844380403458,False,False
NV,2008,469,17147,0.02735172333352773,False,False
NV,2009,495,17222,0.02874230635234003,False,False
NV,2010,525,17981,0.029197486235470773,False,False
NV,2011,560,16985,0.03297026788342655,False,False
NV,2012,532,18124,0.029353343632752153,False,False
NV,2013,549,18032,0.030445874001774623,False,False
NV,2014,475,18975,0.025032938076416336,False,False
NV,2015,558,20686,0.026974765541912405,False,False
NY,2003,780,92417,0.008440005626670417,False,False
NY,2004,687,78856,0.00871208278380846,False,False
NY,2005,773,78485,0.009849015735490858,False,False
NY,2006,1403,116265,0.012067260138476756,False,False
NY,2007,1457,123000,0.011845528455284552,False,False
NY,2008,1359,118470,0.01147125854646746,False,False
NY,2009,1235,118002,0.010465924306367688,False,False
NY,2010,1214,113578,0.010688689711035588,False,False
NY,2011,1592,122309,0.013016213034200263,False,False
NY,2012,1762,122899,0.014336975890772097,False,False
NY,2013,1958,130072,0.015053201303893229,False,False
NY,2014,1988,130564,0.015226249195796697,False,False
NY,2015,2413,137072,0.017603887008287616,False,False
OH,2003,517,69211,0.007469910852321163,False,False
OH,2004,796,72290,0.011011204869276526,False,False
OH,2005,887,73733,0.012029891636038138,False,False
OH,2006,1115,75089,0.014849045798985204,False,False
OH,2007,1209,76264,0.015852827021923845,False,False
OH,2008,1334,80195,0.016634453519546108,False,False
OH,2009,869,75185,0.011558156547183614,False,False
OH,2010,1437,81474,0.0176375285367111,False,False
OH,2011,1654,89653,0.01844890856970765,False,False
OH,2012,1788,89583,0.019959144034024313,False,False
OH,2013,1977,92759,0.02131329574488729,False,False
OH,2014,2420,97694,0.02477122443548222,False,False
OH,2015,2957,102929,0.02872854103313935,False,False
OK,2003,190,13173,0.014423441888711759,False,False
OK,2004,247,15226,0.01622225141205832,False,False
OK,2005,222,13838,0.016042780748663103,False,False
OK,2006,292,15426,0.01892908077272138,False,False
OK,2007,372,17787,0.020914150784280654,False,False
OK,2008,302,16879,0.017892055216541265,False,False
OK,2009,461,20919,0.022037382284047995,False,False
OK,2010,444,19795,0.022429906542056073,False,False
OK,2011,421,21491,0.019589595644688474,False,False
OK,2012,485,20979,0.023118356451689786,False,False
OK,2013,474,22636,0.02094009542321965,False,False
OK,2014,526,23842,0.022061907558090763,False,False
OK,2015,438,23426,0.01869717408008196,False,False
OR,2003,189,19746,0.009571558796718322,False,False
OR,2004,227,18211,0.012464993685135357,False,False
OR,2005,237,19713,0.012022523208035306,False,False
OR,2006,314,19802,0.015856984143015857,False,False
OR,2007,319,19835,0.016082682127552306,False,False
OR,2008,274,20210,0.01355764473033152,False,False
OR,2009,321,19831,0.016186778276435883,False,False
OR,2010,330,21132,0.015616127200454287,False,False
OR,2011,367,22832,0.016073931324456902,False,False
OR,2012,319,20692,0.015416586120239707,False,True
OR,2013,305,22823,0.01336371204486702,False,True
OR,2014,360,24483,0.01470408038230609,False,True
OR,2015,353,26809,0.013167219963445111,False,True
PA,2003,1143,105696,0.010814032697547684,False,False
PA,2004,1312,108413,0.01210186970197301,False,False
PA,2005,1318,104292,0.012637594446362137,False,False
PA,2006,1354,101773,0.013304117988071492,False,False
PA,2007,1422,104325,0.013630481667864845,False,False
PA,2008,1534,104365,0.014698414219326402,False,False
PA,2009,1593,103609,0.015375112200677547,False,False
PA,2010,1637,106741,0.015336187594270244,False,False
PA,2011,2005,109501,0.018310335065433194,False,False
PA,2012,2055,112010,0.0183465761985537,False,False
PA,2013,2104,115066,0.01828515808318704,False,False
PA,2014,2447,117023,0.020910419319279117,False,False
PA,2015,3020,124273,0.024301336573511544,False,False
RI,2003,103,7730,0.013324708926261319,False,False
RI,2004,91,8268,0.0110062893081761,False,False
RI,2005,110,7670,0.014341590612777053,False,False
RI,2006,137,8113,0.016886478491310242,False,False
RI,2007,107,8366,0.012789863734162084,False,False
RI,2008,151,8400,0.017976190476190475,False,False
RI,2009,143,8146,0.017554628038301007,False,False
RI,2010,147,8356,0.017592149353757778,False,False
RI,2011,155,8295,0.018685955394816153,False,False
RI,2012,169,8079,0.020918430498824112,False,False
RI,2013,220,9273,0.02372479240806643,False,False
RI,2014,226,8962,0.025217585360410622,False,False
RI,2015,281,8734,0.03217311655598809,False,False
SC,2003,175,19802,0.008837491162508837,False,False
SC,2004,225,21779,0.010331052849074797,False,False
SC,2005,307,23685,0.012961790162550137,False,False
SC,2006,372,24073,0.015452997133718274,False,False
SC,2007,353,24125,0.014632124352331606,False,False
SC,2008,418,25951,0.016107279102924744,False,False
SC,2009,411,23941,0.017167202706653856,False,False
SC,2010,499,28768,0.017345661846496108,False,True
SC,2011,443,28749,0.015409231625447842,False,True
SC,2012,406,27558,0.014732564046737789,False,True
SC,2013,492,33022,0.014899158136999576,False,True
SC,2014,549,32672,0.016803379040156708,False,True
SC,2015,577,32751,0.01761778266312479,False,True
SD,2009,14,690,0.020289855072463767,False,False
SD,2010,11,1263,0.00870942201108472,False,False
SD,2013,13,1257,0.010342084327764518,False,False
SD,2014,14,1275,0.010980392156862745,False,False
SD,2015,18,1402,0.012838801711840228,False,False
TN,2003,275,24982,0.011007925706508687,False,False
TN,2004,356,27401,0.012992226561074413,False,False
TN,2005,443,30404,0.01457045125641363,False,False
TN,2006,510,30064,0.01696381053751996,False,False
TN,2007,590,33219,0.017760919955447183,False,False
TN,2008,495,32442,0.015257998890327354,False,False
TN,2009,504,31435,0.01603308414188007,False,False
TN,2010,669,37784,0.017705907262333263,False,False
TN,2011,691,40385,0.017110313235112046,False,False
TN,2012,709,40081,0.017689179411691326,False,False
TN,2013,709,38550,0.018391699092088196,False,False
TN,2014,904,44617,0.020261335365443663,False,False
TN,2015,1079,46362,0.023273370432681937,False,False
TX,2003,1212,91246,0.013282774039409946,True,False
TX,2004,1250,96022,0.013017850076024245,True,False
TX,2005,1391,98894,0.014065565150565252,True,False
TX,2006,1652,105635,0.0156387560940976,True,False
TX,2007,1602,106318,0.015068003536560131,True,True
TX,2008,1486,113602,0.013080755620499639,True,True
TX,2009,1830,114113,0.016036735516549386,True,True
TX,2010,1851,121261,0.015264594552246807,True,True
TX,2011,1973,117827,0.016744888692744448,True,True
TX,2012,1858,123407,0.015055872033190986,True,True
TX,2013,1843,125275,0.014711634404310517,True,True
TX,2014,1997,129741,0.015392204468903431,True,True
TX,2015,2068,139215,0.014854721114822398,True,True
UT,2003,273,10382,0.026295511462146023,False,False
UT,2004,256,9589,0.026697257273959746,False,False
UT,2005,331,10573,0.03130615719284971,False,False
UT,2006,330,10787,0.030592379716325207,False,False
UT,2007,380,10145,0.037456875308033516,False,False
UT,2008,354,10073,0.03514345279459943,False,False
UT,2009,374,10118,0.036963826843249656,False,False
UT,2010,320,11452,0.027942717429269997,False,False
UT,2011,405,12163,0.033297706158020225,False,False
UT,2012,468,12309,0.038020960272971,False,False
UT,2013,471,13620,0.03458149779735683,False,False
UT,2014,483,13952,0.03461869266055046,False,False
UT,2015,511,13733,0.03720964101070414,False,False
VA,2003,211,22599,0.009336696313996194,False,False
VA,2004,216,20984,0.010293556995806329,False,False
VA,2005,257,21653,0.011869025077356486,False,False
VA,2006,261,19963,0.013074187246405852,False,False
VA,2007,288,19192,0.015006252605252188,False,False
VA,2008,284,22137,0.012829199981930705,False,False
VA,2009,306,24786,0.012345679012345678,False,False
VA,2010,194,22129,0.008766776627954269,False,False
VA,2011,393,26621,0.014762781262912738,False,False
VA,2012,311,24330,0.012782572955199342,False,False
VA,2013,441,31475,0.014011119936457506,False,False
VA,2014,497,31341,0.015857822022271147,False,False
VA,2015,590,33333,0.01770017700177002,False,False
VT,2006,15,965,0.015544041450777202,False,False
VT,2007,12,637,0.018838304552590265,False,False
VT,2011,25,1619,0.015441630636195183,False,False
VT,2012,14,1007,0.013902681231380337,False,False
VT,2013,24,1721,0.013945380592678676,False,False
VT,2014,13,1063,0.012229539040451553,False,False
VT,2015,56,2856,0.0196078431372549,False,False
WA,2003,553,36205,0.015274133406987985,True,False
WA,2004,662,38257,0.017304022793214312,True,False
WA,2005,690,39480,0.017477203647416412,True,False
WA,2006,730,39138,0.018651949511983238,True,False
WA,2007,814,40408,0.020144525836468027,True,False
WA,2008,843,42624,0.01977759009009009,True,False
WA,2009,790,41920,0.018845419847328244,True,False
WA,2010,736,41152,0.017884914463452566,True,False
WA,2011,840,42256,0.019878833775085196,True,False
WA,2012,833,43413,0.01918780088913459,True,True
WA,2013,811,43878,0.01848306668489904,True,True
WA,2014,769,31771,0.0242044631897013,True,True
WA,2015,927,48036,0.019298026480139896,True,True
WI,2003,194,15531,0.012491146738780504,False,False
WI,2004,253,19437,0.013016411997736276,False,False
WI,2005,275,18372,0.014968430219899848,False,False
WI,2006,349,20918,0.0166841954297734,False,False
WI,2007,369,22351,0.016509328441680463,False,False
WI,2008,338,21120,0.016003787878787878,False,False
WI,2009,354,22148,0.015983384504244174,False,False
WI,2010,384,23531,0.016318898474352982,False,False
WI,2011,428,22881,0.018705476159258775,False,False
WI,2012,446,22095,0.020185562344421815,False,False
WI,2013,566,27853,0.020320970811043695,False,False
WI,2014,582,27982,0.020799085126152528,False,False
WI,2015,644,33048,0.019486807068506414,False,False
WV,2003,109,6833,0.01595199765842236,False,False
WV,2004,115,6382,0.018019429645879034,False,False
WV,2005,51,5292,0.00963718820861678,False,False
WV,2006,143,6948,0.020581462291306852,False,False
WV,2007,240,11044,0.02173125679101775,False,False
WV,2008,248,10030,0.02472582253240279,False,False
WV,2009,43,4270,0.010070257611241218,False,False
WV,2010,316,10662,0.029637966610392048,False,False
WV,2011,460,12247,0.037560218829101,False,False
WV,2012,353,11910,0.029638958858102436,False,False
WV,2013,278,8318,0.03342149555181534,False,False
WV,2014,446,13420,0.03323397913561848,False,False
WV,2015,544,15126,0.035964564326325534,False,False
WY,2007,11,737,0.014925373134328358,False,False
WY,2009,26,1343,0.0193596425912137,False,False
WY,2012,27,1377,0.0196078431372549,False,False
WY,2013,29,1448,0.020027624309392266,False,False
WY,2014,41,1721,0.023823358512492735,False,False
WY,2015,36,2014,0.01787487586891758,False,False
