BUYER_STATE,BUYER_COUNTY,YEAR,MME
FL,ALACHUA,2006,82596.6186877293
FL,ALACHUA,2007,95259.6279767931
FL,ALACHUA,2008,114675.2219217685
FL,ALACHUA,2009,141281.0481854313
FL,ALACHUA,2010,150910.7858758919
FL,ALACHUA,2011,145750.68089929313
FL,ALACHUA,2012,127727.613021565
FL,BAKER,2006,11900.178637500152
FL,BAKER,2007,13793.788183225113
FL,BAKER,2008,15651.32215422517
FL,BAKER,2009,19165.96729500018
FL,BAKER,2010,29821.453215000125
FL,BAKER,2011,32777.553120000026
FL,BAKER,2012,21659.46165000021
FL,BAY,2006,61998.10247207856
FL,BAY,2007,61255.85799926616
FL,BAY,2008,65665.01292126594
FL,BAY,2009,68131.16719294015
FL,BAY,2010,73912.3022531658
FL,BAY,2011,73505.84484769049
FL,BAY,2012,73272.65335132717
FL,BRADFORD,2006,13424.830894900231
FL,BRADFORD,2007,15854.865475125225
FL,BRADFORD,2008,17501.063683500106
FL,BRADFORD,2009,21250.949666812667
FL,BRADFORD,2010,26551.078983862728
FL,BRADFORD,2011,21271.099192500278
FL,BRADFORD,2012,16872.471022500224
FL,BREVARD,2006,201186.1534030964
FL,BREVARD,2007,246505.6839382635
FL,BREVARD,2008,317947.5992638272
FL,BREVARD,2009,365366.2497193953
FL,BREVARD,2010,508840.97649451304
FL,BREVARD,2011,481720.1499038084
FL,BREVARD,2012,363107.37734239077
FL,BROWARD,2006,1222607.3896553789
FL,BROWARD,2007,1720337.481720641
FL,BROWARD,2008,2180537.4886382525
FL,BROWARD,2009,2584508.114014747
FL,BROWARD,2010,3026736.8445831947
FL,BROWARD,2011,1492503.4476547767
FL,BROWARD,2012,809178.9096921141
FL,CALHOUN,2006,1851.9058230000117
FL,CALHOUN,2007,2021.5322535000098
FL,CALHOUN,2008,2225.156550000013
FL,CALHOUN,2009,2580.2354700000137
FL,CALHOUN,2010,2722.4359650000147
FL,CALHOUN,2011,2810.688731362515
FL,CALHOUN,2012,2793.381480000016
FL,CHARLOTTE,2006,82123.59715794155
FL,CHARLOTTE,2007,103366.66686720558
FL,CHARLOTTE,2008,142308.39840053048
FL,CHARLOTTE,2009,191565.34862749267
FL,CHARLOTTE,2010,230654.24658953073
FL,CHARLOTTE,2011,207165.206288144
FL,CHARLOTTE,2012,120917.42719837994
FL,CITRUS,2006,49646.89102934089
FL,CITRUS,2007,58420.50957311638
FL,CITRUS,2008,71761.41768466689
FL,CITRUS,2009,81649.55125245466
FL,CITRUS,2010,111738.27332779265
FL,CITRUS,2011,148717.2534045444
FL,CITRUS,2012,101576.39330385461
FL,CLAY,2006,69327.28997720485
FL,CLAY,2007,85815.94069483093
FL,CLAY,2008,98532.92591602
FL,CLAY,2009,125011.3671661208
FL,CLAY,2010,144996.73572807058
FL,CLAY,2011,149491.52033715992
FL,CLAY,2012,134424.40624451957
FL,COLLIER,2006,107528.68073415474
FL,COLLIER,2007,129910.31275693116
FL,COLLIER,2008,147472.3473860064
FL,COLLIER,2009,202995.69626767907
FL,COLLIER,2010,237663.7797535899
FL,COLLIER,2011,198903.37525609313
FL,COLLIER,2012,141917.0842426926
FL,COLUMBIA,2006,27550.681708588032
FL,COLUMBIA,2007,30011.436168013053
FL,COLUMBIA,2008,37731.01713781312
FL,COLUMBIA,2009,40150.09677022534
FL,COLUMBIA,2010,54609.82727294974
FL,COLUMBIA,2011,50996.45302499963
FL,COLUMBIA,2012,49737.84482999941
FL,DE SOTO,2006,7179.580011500067
FL,DE SOTO,2007,7726.090771792575
FL,DE SOTO,2008,7953.604365000078
FL,DE SOTO,2009,9826.920240000087
FL,DE SOTO,2010,13087.621237500123
FL,DE SOTO,2011,18280.029405000176
FL,DE SOTO,2012,16695.973792500132
FL,DIXIE,2006,2952.7461250000056
FL,DIXIE,2007,3098.6997413625013
FL,DIXIE,2008,3247.38976500001
FL,DIXIE,2009,2874.669041362513
FL,DIXIE,2010,2657.110350000012
FL,DIXIE,2011,2559.3821700000085
FL,DIXIE,2012,3326.242594312511
FL,DUVAL,2006,293452.9754727002
FL,DUVAL,2007,344954.36544153484
FL,DUVAL,2008,408809.255086162
FL,DUVAL,2009,534398.118650884
FL,DUVAL,2010,765000.2969470624
FL,DUVAL,2011,659029.698137702
FL,DUVAL,2012,555328.0796860629
FL,ESCAMBIA,2006,96186.44732702237
FL,ESCAMBIA,2007,113832.92120254097
FL,ESCAMBIA,2008,116136.84399340067
FL,ESCAMBIA,2009,127790.39184473806
FL,ESCAMBIA,2010,156708.2074941154
FL,ESCAMBIA,2011,146310.74382428935
FL,ESCAMBIA,2012,129016.23428401133
FL,FLAGLER,2006,21015.01938367547
FL,FLAGLER,2007,24313.087587762962
FL,FLAGLER,2008,30727.47041245048
FL,FLAGLER,2009,45094.2061172634
FL,FLAGLER,2010,54742.9390545383
FL,FLAGLER,2011,58500.27469567639
FL,FLAGLER,2012,54252.2921795262
FL,FRANKLIN,2006,2174.577223000009
FL,FRANKLIN,2007,2099.0765175000056
FL,FRANKLIN,2008,2152.9779473625103
FL,FRANKLIN,2009,1955.3521200000089
FL,FRANKLIN,2010,2736.8763675000123
FL,FRANKLIN,2011,2695.184816362508
FL,FRANKLIN,2012,2741.9306925000096
FL,GADSDEN,2006,6021.017100225093
FL,GADSDEN,2007,7138.511467500114
FL,GADSDEN,2008,6724.820623500107
FL,GADSDEN,2009,7168.381856812628
FL,GADSDEN,2010,8384.369197500151
FL,GADSDEN,2011,10053.993885000134
FL,GADSDEN,2012,8671.229358862623
FL,GILCHRIST,2006,4032.605950000007
FL,GILCHRIST,2007,4195.956289500011
FL,GILCHRIST,2008,4955.8422
FL,GILCHRIST,2009,6117.87199136251
FL,GILCHRIST,2010,5760.958282725
FL,GILCHRIST,2011,5709.07000500002
FL,GILCHRIST,2012,5469.281212500022
FL,GLADES,2009,2627.311200000001
FL,GLADES,2010,6489.442050000003
FL,GLADES,2011,4646.4681000000055
FL,GLADES,2012,1898.2095000000022
FL,GULF,2006,3543.3416160000033
FL,GULF,2007,3813.9477660000057
FL,GULF,2008,3573.714215000012
FL,GULF,2009,3494.621707500005
FL,GULF,2010,4311.71625000002
FL,GULF,2011,3866.418202500016
FL,GULF,2012,4012.6529025000223
FL,HAMILTON,2006,1804.8995505000073
FL,HAMILTON,2007,2249.3530935000053
FL,HAMILTON,2008,3039.991791000008
FL,HAMILTON,2009,2305.1553525000054
FL,HAMILTON,2010,3470.6828288625106
FL,HAMILTON,2011,3033.594877500013
FL,HAMILTON,2012,2549.6674875000076
FL,HARDEE,2006,3682.5681049999953
FL,HARDEE,2007,3996.159572499998
FL,HARDEE,2008,4647.926044500018
FL,HARDEE,2009,7751.621392500056
FL,HARDEE,2010,8867.193390000095
FL,HARDEE,2011,9282.533205000105
FL,HARDEE,2012,7940.830061362598
FL,HENDRY,2006,16527.160282500317
FL,HENDRY,2007,19191.329012087892
FL,HENDRY,2008,20998.036911000414
FL,HENDRY,2009,22472.576881575413
FL,HENDRY,2010,27617.015310000446
FL,HENDRY,2011,26953.096248862927
FL,HENDRY,2012,19653.150187500432
FL,HERNANDO,2006,78727.92757445497
FL,HERNANDO,2007,111241.43089612249
FL,HERNANDO,2008,197158.77536772224
FL,HERNANDO,2009,245050.01594727513
FL,HERNANDO,2010,331289.8299954519
FL,HERNANDO,2011,239292.42987068725
FL,HERNANDO,2012,163153.66029019607
FL,HIGHLANDS,2006,22995.715222501018
FL,HIGHLANDS,2007,24466.187287941113
FL,HIGHLANDS,2008,28613.962263501002
FL,HIGHLANDS,2009,33721.28850067624
FL,HIGHLANDS,2010,45729.84357431389
FL,HIGHLANDS,2011,54161.62926453876
FL,HIGHLANDS,2012,41042.59796340114
FL,HILLSBOROUGH,2006,1027723.7849867414
FL,HILLSBOROUGH,2007,1189548.966784732
FL,HILLSBOROUGH,2008,1507903.6186250553
FL,HILLSBOROUGH,2009,2124149.0308500133
FL,HILLSBOROUGH,2010,2801560.6110086474
FL,HILLSBOROUGH,2011,1533314.54995062
FL,HILLSBOROUGH,2012,855609.6664839308
FL,HOLMES,2006,5115.280070000033
FL,HOLMES,2007,5388.6306392250335
FL,HOLMES,2008,5350.438789587534
FL,HOLMES,2009,5461.291740450045
FL,HOLMES,2010,5004.425704087547
FL,HOLMES,2011,5188.443866362564
FL,HOLMES,2012,5462.597160000079
FL,INDIAN RIVER,2006,43237.35108176451
FL,INDIAN RIVER,2007,51702.13878888993
FL,INDIAN RIVER,2008,64186.80297262764
FL,INDIAN RIVER,2009,79226.07711930283
FL,INDIAN RIVER,2010,111822.90470929068
FL,INDIAN RIVER,2011,141158.72960861557
FL,INDIAN RIVER,2012,98923.32428561535
FL,JACKSON,2006,9866.87533750018
FL,JACKSON,2007,11355.73454750023
FL,JACKSON,2008,12130.103321500199
FL,JACKSON,2009,13341.586837500203
FL,JACKSON,2010,14859.5648250002
FL,JACKSON,2011,16484.638485000258
FL,JACKSON,2012,17427.980370000343
FL,JEFFERSON,2006,1465.4849204999978
FL,JEFFERSON,2007,1732.0343369999987
FL,JEFFERSON,2008,2123.4259035000014
FL,JEFFERSON,2009,2413.278483862504
FL,JEFFERSON,2010,2637.125017499998
FL,JEFFERSON,2011,2823.4519350000014
FL,JEFFERSON,2012,2213.915520000002
FL,LAFAYETTE,2006,1215.7013750000024
FL,LAFAYETTE,2007,1355.7724875000035
FL,LAFAYETTE,2008,1361.0927500000043
FL,LAFAYETTE,2009,1257.6621750000022
FL,LAFAYETTE,2010,1363.4092875000038
FL,LAFAYETTE,2011,1307.1051675000037
FL,LAFAYETTE,2012,1295.000272500003
FL,LAKE,2006,64563.419322430826
FL,LAKE,2007,82180.0273315835
FL,LAKE,2008,103711.04927071046
FL,LAKE,2009,140752.4985708866
FL,LAKE,2010,177229.26266112374
FL,LAKE,2011,179071.4653870261
FL,LAKE,2012,156520.69777519707
FL,LEE,2006,309886.7067442962
FL,LEE,2007,295673.26356948045
FL,LEE,2008,340668.9295273179
FL,LEE,2009,439929.93098849984
FL,LEE,2010,680132.8328027857
FL,LEE,2011,587055.7268651474
FL,LEE,2012,272161.03570029355
FL,LEON,2006,43067.63904172785
FL,LEON,2007,47083.40082031617
FL,LEON,2008,51120.25009326629
FL,LEON,2009,55928.52241912887
FL,LEON,2010,56268.735998178905
FL,LEON,2011,58086.072975454146
FL,LEON,2012,61292.55911044085
FL,LEVY,2006,18659.653543000506
FL,LEVY,2007,22313.800503725663
FL,LEVY,2008,28379.512612900682
FL,LEVY,2009,33730.549890900475
FL,LEVY,2010,36649.65238590018
FL,LEVY,2011,36064.200581587655
FL,LEVY,2012,28221.14943180032
FL,LIBERTY,2006,628.4498325000004
FL,LIBERTY,2007,738.3230204999995
FL,LIBERTY,2008,771.9740625000013
FL,LIBERTY,2009,686.3627999999998
FL,LIBERTY,2010,1141.6443375000038
FL,LIBERTY,2011,821.8818000000018
FL,LIBERTY,2012,764.5792500000002
FL,MADISON,2006,2315.6333313624987
FL,MADISON,2007,2632.527374224996
FL,MADISON,2008,2793.8812853624886
FL,MADISON,2009,3389.4532243125
FL,MADISON,2010,4027.7635124999883
FL,MADISON,2011,4642.083652499993
FL,MADISON,2012,4504.777440000004
FL,MANATEE,2006,150205.64369562527
FL,MANATEE,2007,172443.21415870427
FL,MANATEE,2008,196741.84314976458
FL,MANATEE,2009,228282.8999302286
FL,MANATEE,2010,360934.6839088658
FL,MANATEE,2011,326820.0550758578
FL,MANATEE,2012,219299.73861376347
FL,MARION,2006,114208.97585439957
FL,MARION,2007,140167.10838947791
FL,MARION,2008,160020.95087337864
FL,MARION,2009,177998.09807908162
FL,MARION,2010,216686.24085170456
FL,MARION,2011,209503.19854884347
FL,MARION,2012,175709.7753719747
FL,MARTIN,2006,68573.12878736468
FL,MARTIN,2007,77097.86936731488
FL,MARTIN,2008,99157.7796427273
FL,MARTIN,2009,121781.2565109028
FL,MARTIN,2010,149894.56248134995
FL,MARTIN,2011,137044.59642521478
FL,MARTIN,2012,85087.5526195141
FL,MIAMI-DADE,2006,303039.7180859787
FL,MIAMI-DADE,2007,373495.88119888
FL,MIAMI-DADE,2008,519536.8065604283
FL,MIAMI-DADE,2009,801945.1460796333
FL,MIAMI-DADE,2010,1242761.2069210964
FL,MIAMI-DADE,2011,1070607.7594410407
FL,MIAMI-DADE,2012,503313.85781031137
FL,MONROE,2006,42203.180115727446
FL,MONROE,2007,46281.92468422733
FL,MONROE,2008,53446.0962143649
FL,MONROE,2009,71369.62996954055
FL,MONROE,2010,77309.9665754274
FL,MONROE,2011,71118.77676247715
FL,MONROE,2012,47813.94658245115
FL,NASSAU,2006,26318.179441313612
FL,NASSAU,2007,30364.848846726178
FL,NASSAU,2008,38339.252757001115
FL,NASSAU,2009,45514.90099500119
FL,NASSAU,2010,55038.31814681382
FL,NASSAU,2011,64563.827895676506
FL,NASSAU,2012,60370.36705567631
FL,OKALOOSA,2006,51768.87854175236
FL,OKALOOSA,2007,51948.68690433954
FL,OKALOOSA,2008,53881.856700314645
FL,OKALOOSA,2009,58085.78683608912
FL,OKALOOSA,2010,61460.166825451495
FL,OKALOOSA,2011,63730.0104006768
FL,OKALOOSA,2012,64457.98492338954
FL,OKEECHOBEE,2006,20628.537535312924
FL,OKEECHOBEE,2007,24923.11014090056
FL,OKEECHOBEE,2008,29189.02021492556
FL,OKEECHOBEE,2009,35903.96056931306
FL,OKEECHOBEE,2010,55324.33029045053
FL,OKEECHOBEE,2011,49274.62340681288
FL,OKEECHOBEE,2012,32380.212796350206
FL,ORANGE,2006,249616.1813477574
FL,ORANGE,2007,305170.6164433013
FL,ORANGE,2008,483055.08753783966
FL,ORANGE,2009,688873.4670695318
FL,ORANGE,2010,1118030.4767550745
FL,ORANGE,2011,879529.7461210428
FL,ORANGE,2012,536535.5904660167
FL,OSCEOLA,2006,50817.7219688153
FL,OSCEOLA,2007,64095.23232799104
FL,OSCEOLA,2008,93117.01540626754
FL,OSCEOLA,2009,225661.79262585755
FL,OSCEOLA,2010,289370.5034899938
FL,OSCEOLA,2011,188818.9885286297
FL,OSCEOLA,2012,126453.88542135335
FL,PALM BEACH,2006,645319.1794897038
FL,PALM BEACH,2007,924515.0144843023
FL,PALM BEACH,2008,1334354.3831698054
FL,PALM BEACH,2009,1813924.7727780056
FL,PALM BEACH,2010,1897698.5658714669
FL,PALM BEACH,2011,1063694.6929810361
FL,PALM BEACH,2012,625882.0926076007
FL,PASCO,2006,268426.05337068974
FL,PASCO,2007,356094.0088700386
FL,PASCO,2008,494709.0844496416
FL,PASCO,2009,561319.1654819302
FL,PASCO,2010,761605.8105571279
FL,PASCO,2011,678130.6519052933
FL,PASCO,2012,345632.1551612219
FL,PINELLAS,2006,607000.7514847196
FL,PINELLAS,2007,636336.2976673237
FL,PINELLAS,2008,933646.569568357
FL,PINELLAS,2009,1035506.5572692738
FL,PINELLAS,2010,1438059.3423173134
FL,PINELLAS,2011,1262519.967371778
FL,PINELLAS,2012,687164.8072970272
FL,POLK,2006,178941.7804374425
FL,POLK,2007,170075.5240327064
FL,POLK,2008,171113.17612787182
FL,POLK,2009,198919.97026206178
FL,POLK,2010,285711.95230705454
FL,POLK,2011,281211.84447592206
FL,POLK,2012,232197.59944457424
FL,PUTNAM,2006,38637.50297338853
FL,PUTNAM,2007,39640.180580013555
FL,PUTNAM,2008,45305.6510537635
FL,PUTNAM,2009,71246.09851038855
FL,PUTNAM,2010,97258.92064856419
FL,PUTNAM,2011,96933.59939287585
FL,PUTNAM,2012,58549.29352541298
FL,SAINT JOHNS,2006,43666.0835257272
FL,SAINT JOHNS,2007,49616.90935490194
FL,SAINT JOHNS,2008,56641.75821353928
FL,SAINT JOHNS,2009,75312.16558447838
FL,SAINT JOHNS,2010,113272.68569794175
FL,SAINT JOHNS,2011,92067.24857385356
FL,SAINT JOHNS,2012,72420.25782135202
FL,SAINT LUCIE,2006,95970.4534293669
FL,SAINT LUCIE,2007,112422.71420493034
FL,SAINT LUCIE,2008,139178.02248923187
FL,SAINT LUCIE,2009,166843.1393083942
FL,SAINT LUCIE,2010,212293.29962726802
FL,SAINT LUCIE,2011,273106.0612079329
FL,SAINT LUCIE,2012,143969.89979723035
FL,SANTA ROSA,2006,44111.67851095136
FL,SANTA ROSA,2007,51318.023231731866
FL,SANTA ROSA,2008,57690.950861713805
FL,SANTA ROSA,2009,67867.26888157676
FL,SANTA ROSA,2010,89435.96215725293
FL,SANTA ROSA,2011,90109.9158802153
FL,SANTA ROSA,2012,79863.11723385204
FL,SARASOTA,2006,186351.13329228776
FL,SARASOTA,2007,242670.3861623037
FL,SARASOTA,2008,324196.6680052038
FL,SARASOTA,2009,367976.2322097207
FL,SARASOTA,2010,426108.3153456161
FL,SARASOTA,2011,412731.76329699194
FL,SARASOTA,2012,266242.8890628439
FL,SEMINOLE,2006,134735.66849282285
FL,SEMINOLE,2007,185430.98862422438
FL,SEMINOLE,2008,256465.7715015744
FL,SEMINOLE,2009,320779.05599589634
FL,SEMINOLE,2010,491538.4489893029
FL,SEMINOLE,2011,521292.23653927376
FL,SEMINOLE,2012,186169.02560922125
FL,SUMTER,2006,12822.86720500025
FL,SUMTER,2007,16784.182853000446
FL,SUMTER,2008,21509.17227172555
FL,SUMTER,2009,30569.094904538237
FL,SUMTER,2010,58311.86179680132
FL,SUMTER,2011,54304.06510226349
FL,SUMTER,2012,45944.804344276126
FL,SUWANNEE,2006,9345.596314950142
FL,SUWANNEE,2007,11324.528017850196
FL,SUWANNEE,2008,12980.800460675146
FL,SUWANNEE,2009,12835.53590703761
FL,SUWANNEE,2010,13182.17120636261
FL,SUWANNEE,2011,14079.857971125128
FL,SUWANNEE,2012,13754.14157928763
FL,TAYLOR,2006,5544.284807500053
FL,TAYLOR,2007,6762.137541362609
FL,TAYLOR,2008,8597.878620000138
FL,TAYLOR,2009,11572.54885886278
FL,TAYLOR,2010,9613.77404636274
FL,TAYLOR,2011,10229.764905225185
FL,TAYLOR,2012,10201.239000000194
FL,UNION,2006,2453.7138810000033
FL,UNION,2007,2777.3403794000114
FL,UNION,2008,3458.164693350011
FL,UNION,2009,4037.616628387515
FL,UNION,2010,5090.0048481750155
FL,UNION,2011,3801.527356575017
FL,UNION,2012,3553.925989762516
FL,VOLUSIA,2006,166518.40532767298
FL,VOLUSIA,2007,195477.5530197753
FL,VOLUSIA,2008,275349.3369203822
FL,VOLUSIA,2009,370128.3798411163
FL,VOLUSIA,2010,481913.3875672456
FL,VOLUSIA,2011,396323.0280208701
FL,VOLUSIA,2012,265012.3541039926
FL,WAKULLA,2006,5464.2538940000395
FL,WAKULLA,2007,7575.903873500098
FL,WAKULLA,2008,8114.9219535001175
FL,WAKULLA,2009,8481.538980000116
FL,WAKULLA,2010,8909.32365386265
FL,WAKULLA,2011,9653.313382725166
FL,WAKULLA,2012,9747.85644772516
FL,WALTON,2006,22041.41405562554
FL,WALTON,2007,24799.00105896552
FL,WALTON,2008,24625.185682337924
FL,WALTON,2009,29237.20863746275
FL,WALTON,2010,36549.72888131253
FL,WALTON,2011,35063.18099358773
FL,WALTON,2012,32404.67842676286
FL,WASHINGTON,2006,7659.031901000099
FL,WASHINGTON,2007,9660.023178300129
FL,WASHINGTON,2008,11461.81200412512
FL,WASHINGTON,2009,13060.632694987646
FL,WASHINGTON,2010,14208.243114900131
FL,WASHINGTON,2011,13964.081089987638
FL,WASHINGTON,2012,15658.135787925181
LA,ACADIA,2006,22401.55311480033
LA,ACADIA,2007,25689.157670325167
LA,ACADIA,2008,24689.47884055
LA,ACADIA,2009,28592.01097496249
LA,ACADIA,2010,33011.664508574824
LA,ACADIA,2011,32544.699859762255
LA,ACADIA,2012,27021.224292074996
LA,ALLEN,2006,7177.88448703761
LA,ALLEN,2007,7679.717617162649
LA,ALLEN,2008,8279.029112850154
LA,ALLEN,2009,8412.931306575127
LA,ALLEN,2010,8469.248497950159
LA,ALLEN,2011,9760.41604136272
LA,ALLEN,2012,10181.266091362802
LA,ASCENSION,2006,35438.970743851234
LA,ASCENSION,2007,49368.45143516437
LA,ASCENSION,2008,61842.94234148944
LA,ASCENSION,2009,60366.674446125864
LA,ASCENSION,2010,51644.712574313045
LA,ASCENSION,2011,50271.129345450674
LA,ASCENSION,2012,54917.65709861312
LA,ASSUMPTION,2006,2061.179096500007
LA,ASSUMPTION,2007,2491.523386500005
LA,ASSUMPTION,2008,3091.1638447500045
LA,ASSUMPTION,2009,2077.710450000005
LA,ASSUMPTION,2010,1739.3134500000053
LA,ASSUMPTION,2011,2139.578062500005
LA,ASSUMPTION,2012,2067.6243900000063
LA,AVOYELLES,2006,11049.506649500405
LA,AVOYELLES,2007,12141.320496362945
LA,AVOYELLES,2008,13728.922693500406
LA,AVOYELLES,2009,14915.395012500372
LA,AVOYELLES,2010,14679.202837500336
LA,AVOYELLES,2011,16227.26503500043
LA,AVOYELLES,2012,17827.772917500388
LA,BEAUREGARD,2006,5257.439651862531
LA,BEAUREGARD,2007,5897.396665087552
LA,BEAUREGARD,2008,6892.027222812571
LA,BEAUREGARD,2009,9384.884790225085
LA,BEAUREGARD,2010,11963.268468862647
LA,BEAUREGARD,2011,13482.920059087699
LA,BEAUREGARD,2012,14389.204588162711
LA,BIENVILLE,2006,2025.9702222625012
LA,BIENVILLE,2007,2090.8798047625
LA,BIENVILLE,2008,2116.4026913625007
LA,BIENVILLE,2009,2146.614946349996
LA,BIENVILLE,2010,2121.3898499999955
LA,BIENVILLE,2011,2264.131635224995
LA,BIENVILLE,2012,2412.041378624999
LA,BOSSIER,2006,24591.04772653836
LA,BOSSIER,2007,26690.08464676342
LA,BOSSIER,2008,29140.2629946761
LA,BOSSIER,2009,30018.75636521377
LA,BOSSIER,2010,31526.723848351514
LA,BOSSIER,2011,33400.995486526226
LA,BOSSIER,2012,32424.532018125818
LA,CADDO,2006,80205.93293649462
LA,CADDO,2007,86803.8480817956
LA,CADDO,2008,91826.52656074661
LA,CADDO,2009,93437.51724379593
LA,CADDO,2010,92875.08866280732
LA,CADDO,2011,93402.64870703226
LA,CADDO,2012,99713.90583829553
LA,CALCASIEU,2006,56335.230528630906
LA,CALCASIEU,2007,59340.14637708153
LA,CALCASIEU,2008,62653.20425499489
LA,CALCASIEU,2009,62877.02940720645
LA,CALCASIEU,2010,58473.690236330876
LA,CALCASIEU,2011,66149.43443404391
LA,CALCASIEU,2012,69030.19622981947
LA,CALDWELL,2006,3402.569735225004
LA,CALDWELL,2007,3303.6144777249924
LA,CALDWELL,2008,3661.4939893124997
LA,CALDWELL,2009,3805.4944915875044
LA,CALDWELL,2010,3747.4201693124974
LA,CALDWELL,2011,3715.5404895375
LA,CALDWELL,2012,3788.935625437501
LA,CAMERON,2011,2.185875
LA,CAMERON,2012,28.485975
LA,CATAHOULA,2006,2622.833774812507
LA,CATAHOULA,2007,3064.0685419500037
LA,CATAHOULA,2008,3184.729725900005
LA,CATAHOULA,2009,3273.9207938625095
LA,CATAHOULA,2010,3358.596311587514
LA,CATAHOULA,2011,3745.5255750000197
LA,CATAHOULA,2012,3907.060222500022
LA,CLAIBORNE,2006,3968.589323399991
LA,CLAIBORNE,2007,4589.629658850008
LA,CLAIBORNE,2008,5019.091694287527
LA,CLAIBORNE,2009,6557.7226690500665
LA,CLAIBORNE,2010,7021.029158625065
LA,CLAIBORNE,2011,6781.731503400081
LA,CLAIBORNE,2012,6781.3293488626
LA,CONCORDIA,2006,3217.233535724997
LA,CONCORDIA,2007,3942.9971519999913
LA,CONCORDIA,2008,4987.364671500029
LA,CONCORDIA,2009,4956.159015000016
LA,CONCORDIA,2010,4785.403672500019
LA,CONCORDIA,2011,5167.2107556750525
LA,CONCORDIA,2012,5481.494142937564
LA,DE SOTO,2006,3884.347863174975
LA,DE SOTO,2007,4720.608166125019
LA,DE SOTO,2008,5600.356138400079
LA,DE SOTO,2009,4751.077324087548
LA,DE SOTO,2010,4627.306432500023
LA,DE SOTO,2011,4950.024934087544
LA,DE SOTO,2012,4935.913665675036
LA,EAST BATON ROUGE,2006,174592.2612468566
LA,EAST BATON ROUGE,2007,219140.1851086961
LA,EAST BATON ROUGE,2008,272554.5622236964
LA,EAST BATON ROUGE,2009,253301.94314016143
LA,EAST BATON ROUGE,2010,219093.15868314294
LA,EAST BATON ROUGE,2011,208995.05615248173
LA,EAST BATON ROUGE,2012,210728.83622668183
LA,EAST CARROLL,2006,578.4097049999992
LA,EAST CARROLL,2007,652.4276684999995
LA,EAST CARROLL,2008,797.8328880000004
LA,EAST CARROLL,2009,904.3031024999989
LA,EAST CARROLL,2010,979.1512649999992
LA,EAST CARROLL,2011,1008.6599849999985
LA,EAST CARROLL,2012,1397.7965400000032
LA,EAST FELICIANA,2006,2844.699044
LA,EAST FELICIANA,2007,3155.3281895000064
LA,EAST FELICIANA,2008,3576.453912750006
LA,EAST FELICIANA,2009,3354.1830600000017
LA,EAST FELICIANA,2010,3696.9915000000105
LA,EAST FELICIANA,2011,3723.8595525000064
LA,EAST FELICIANA,2012,3530.3976077250104
LA,EVANGELINE,2006,12528.6854730878
LA,EVANGELINE,2007,14012.476592000268
LA,EVANGELINE,2008,15881.152273500325
LA,EVANGELINE,2009,17392.888699537714
LA,EVANGELINE,2010,16664.772064537792
LA,EVANGELINE,2011,20254.758888862496
LA,EVANGELINE,2012,26823.33373248711
LA,FRANKLIN,2006,2994.440075362501
LA,FRANKLIN,2007,3559.723740224998
LA,FRANKLIN,2008,3529.2814900000058
LA,FRANKLIN,2009,3761.2303950000114
LA,FRANKLIN,2010,3757.798852500018
LA,FRANKLIN,2011,4507.169306362529
LA,FRANKLIN,2012,5017.197780000052
LA,GRANT,2006,1250.8055175000009
LA,GRANT,2007,1679.4045375000017
LA,GRANT,2008,1514.2955100000063
LA,GRANT,2009,2267.9353050000072
LA,GRANT,2010,2747.9242725000154
LA,GRANT,2011,3700.7108888625226
LA,GRANT,2012,4104.172515000022
LA,IBERIA,2006,15047.063414712988
LA,IBERIA,2007,17811.76523698801
LA,IBERIA,2008,21671.32154506314
LA,IBERIA,2009,24151.640871113083
LA,IBERIA,2010,25043.76603611296
LA,IBERIA,2011,31655.96938248794
LA,IBERIA,2012,31761.023449537723
LA,IBERVILLE,2006,9284.788096500177
LA,IBERVILLE,2007,11613.358250437723
LA,IBERVILLE,2008,16841.81582441278
LA,IBERVILLE,2009,21688.963035675202
LA,IBERVILLE,2010,23445.68327295022
LA,IBERVILLE,2011,18136.408144987807
LA,IBERVILLE,2012,21434.022330450178
LA,JACKSON,2006,3117.684053862492
LA,JACKSON,2007,3186.197007724992
LA,JACKSON,2008,3570.9197925000053
LA,JACKSON,2009,3837.9177225000026
LA,JACKSON,2010,3902.622090000006
LA,JACKSON,2011,4703.119267725029
LA,JACKSON,2012,4913.407177500029
LA,JEFFERSON,2006,313216.8714003214
LA,JEFFERSON,2007,229181.1211346531
LA,JEFFERSON,2008,224671.6874103669
LA,JEFFERSON,2009,212495.73158785998
LA,JEFFERSON,2010,249260.0119159059
LA,JEFFERSON,2011,244762.03914577066
LA,JEFFERSON,2012,236446.27616320932
LA,JEFFERSON DAVIS,2006,10851.631038175268
LA,JEFFERSON DAVIS,2007,12611.390261400275
LA,JEFFERSON DAVIS,2008,14298.758522687725
LA,JEFFERSON DAVIS,2009,13673.296666125296
LA,JEFFERSON DAVIS,2010,11856.260988862748
LA,JEFFERSON DAVIS,2011,12600.203055000213
LA,JEFFERSON DAVIS,2012,11984.34188681276
LA,LA SALLE,2006,3570.5437813499875
LA,LA SALLE,2007,4503.111986250009
LA,LA SALLE,2008,4978.753865437519
LA,LA SALLE,2009,5705.937114525018
LA,LA SALLE,2010,6206.6843199750365
LA,LA SALLE,2011,6813.356569537565
LA,LA SALLE,2012,7597.359202725082
LA,LAFAYETTE,2006,156600.96402641205
LA,LAFAYETTE,2007,158638.79860031276
LA,LAFAYETTE,2008,136833.46985522265
LA,LAFAYETTE,2009,148725.4080307985
LA,LAFAYETTE,2010,153502.39700670808
LA,LAFAYETTE,2011,153700.40911977144
LA,LAFAYETTE,2012,149565.42830160932
LA,LAFOURCHE,2006,23000.353234501217
LA,LAFOURCHE,2007,25493.740149001256
LA,LAFOURCHE,2008,28267.438311538936
LA,LAFOURCHE,2009,28037.86260135136
LA,LAFOURCHE,2010,26623.30262793865
LA,LAFOURCHE,2011,29103.236416351454
LA,LAFOURCHE,2012,32128.89571248859
LA,LINCOLN,2006,5850.962108837612
LA,LINCOLN,2007,7031.507789990173
LA,LINCOLN,2008,7795.020693375218
LA,LINCOLN,2009,10582.110682725373
LA,LINCOLN,2010,10152.862939537776
LA,LINCOLN,2011,9256.106576362781
LA,LINCOLN,2012,10113.161156812743
LA,LIVINGSTON,2006,53682.311625701994
LA,LIVINGSTON,2007,69122.62302917744
LA,LIVINGSTON,2008,93400.5633065909
LA,LIVINGSTON,2009,92170.0638004527
LA,LIVINGSTON,2010,89537.31306817688
LA,LIVINGSTON,2011,115093.4330254522
LA,LIVINGSTON,2012,99302.53992723957
LA,MADISON,2006,1204.404041362506
LA,MADISON,2007,1230.879273862505
LA,MADISON,2008,1396.6023150000085
LA,MADISON,2009,1773.7216802250125
LA,MADISON,2010,1942.322887500014
LA,MADISON,2011,1936.0101225000146
LA,MADISON,2012,1941.4996877250123
LA,MOREHOUSE,2006,4313.94735136248
LA,MOREHOUSE,2007,4867.0442750000175
LA,MOREHOUSE,2008,5184.332822362547
LA,MOREHOUSE,2009,5770.818168862606
LA,MOREHOUSE,2010,6555.0450188626255
LA,MOREHOUSE,2011,6668.748093862673
LA,MOREHOUSE,2012,7305.269797500165
LA,NATCHITOCHES,2006,6059.6292190875565
LA,NATCHITOCHES,2007,6482.65680531259
LA,NATCHITOCHES,2008,7036.689091812617
LA,NATCHITOCHES,2009,7415.151498862642
LA,NATCHITOCHES,2010,7129.406220225154
LA,NATCHITOCHES,2011,8484.453735900244
LA,NATCHITOCHES,2012,8627.149500450227
LA,ORLEANS,2006,23128.213420763346
LA,ORLEANS,2007,33462.623837301406
LA,ORLEANS,2008,39570.21345085246
LA,ORLEANS,2009,49043.7726402033
LA,ORLEANS,2010,56043.64389337982
LA,ORLEANS,2011,66898.65159345609
LA,ORLEANS,2012,70771.9862772078
LA,OUACHITA,2006,30513.224107439582
LA,OUACHITA,2007,33407.72177041433
LA,OUACHITA,2008,36479.386785964394
LA,OUACHITA,2009,38188.83513382685
LA,OUACHITA,2010,40100.40580110194
LA,OUACHITA,2011,38264.98536813914
LA,OUACHITA,2012,41363.49042221404
LA,PLAQUEMINES,2006,1004.1172350000026
LA,PLAQUEMINES,2007,1156.5887588625035
LA,PLAQUEMINES,2008,1195.8652575000044
LA,PLAQUEMINES,2009,1296.355890000004
LA,PLAQUEMINES,2010,1775.8963500000068
LA,PLAQUEMINES,2011,3071.5266000000156
LA,PLAQUEMINES,2012,3822.9427013625223
LA,POINTE COUPEE,2006,4201.442184499984
LA,POINTE COUPEE,2007,4847.749540000022
LA,POINTE COUPEE,2008,5206.733215000047
LA,POINTE COUPEE,2009,5811.543772500069
LA,POINTE COUPEE,2010,5439.30652500008
LA,POINTE COUPEE,2011,5660.401290000107
LA,POINTE COUPEE,2012,6843.555450000134
LA,RAPIDES,2006,44240.35975470393
LA,RAPIDES,2007,50632.00216341706
LA,RAPIDES,2008,56055.18509987995
LA,RAPIDES,2009,61521.61503337996
LA,RAPIDES,2010,65065.83709976785
LA,RAPIDES,2011,78992.92184295676
LA,RAPIDES,2012,87487.50424999489
LA,RED RIVER,2006,2282.565590225003
LA,RED RIVER,2007,2589.8124127249976
LA,RED RIVER,2008,2800.484426587511
LA,RED RIVER,2009,3279.2543850000116
LA,RED RIVER,2010,3409.175062725014
LA,RED RIVER,2011,3944.9196225000223
LA,RED RIVER,2012,4196.930344087514
LA,RICHLAND,2006,3601.039180499985
LA,RICHLAND,2007,4245.952966362493
LA,RICHLAND,2008,4949.523682500039
LA,RICHLAND,2009,5355.356055225071
LA,RICHLAND,2010,5576.710035000068
LA,RICHLAND,2011,6452.048970225132
LA,RICHLAND,2012,6685.570680000118
LA,SABINE,2006,4020.0915054500115
LA,SABINE,2007,4242.411634762513
LA,SABINE,2008,4539.390989762536
LA,SABINE,2009,5150.443351350057
LA,SABINE,2010,6158.118997725089
LA,SABINE,2011,8055.022370437652
LA,SABINE,2012,7472.093966587627
LA,SAINT BERNARD,2006,6220.795090450042
LA,SAINT BERNARD,2007,12027.46215938775
LA,SAINT BERNARD,2008,12362.588848212745
LA,SAINT BERNARD,2009,15677.883875212681
LA,SAINT BERNARD,2010,19357.404897487904
LA,SAINT BERNARD,2011,24301.443991125405
LA,SAINT BERNARD,2012,31105.79445952559
LA,SAINT CHARLES,2006,20960.431660250517
LA,SAINT CHARLES,2007,28889.389073150764
LA,SAINT CHARLES,2008,25946.057505700468
LA,SAINT CHARLES,2009,25117.393764750446
LA,SAINT CHARLES,2010,23158.941976575537
LA,SAINT CHARLES,2011,22278.593438625572
LA,SAINT CHARLES,2012,24901.05645090054
LA,SAINT HELENA,2006,1411.7770900000007
LA,SAINT HELENA,2007,1237.681225000001
LA,SAINT HELENA,2008,1306.820000000001
LA,SAINT HELENA,2009,1309.9287525000009
LA,SAINT HELENA,2010,1401.070162500002
LA,SAINT HELENA,2011,1182.541987500001
LA,SAINT HELENA,2012,981.5304375000003
LA,SAINT JAMES,2006,2299.359877725006
LA,SAINT JAMES,2007,2647.9389238624976
LA,SAINT JAMES,2008,2703.6406165874982
LA,SAINT JAMES,2009,2664.4432052250054
LA,SAINT JAMES,2010,2834.5766293125025
LA,SAINT JAMES,2011,3680.647326562499
LA,SAINT JAMES,2012,4313.484874950001
LA,SAINT LANDRY,2006,29407.037045225698
LA,SAINT LANDRY,2007,31319.417182863188
LA,SAINT LANDRY,2008,34152.15152731328
LA,SAINT LANDRY,2009,38958.60924135113
LA,SAINT LANDRY,2010,39064.14047658859
LA,SAINT LANDRY,2011,45661.22619112631
LA,SAINT LANDRY,2012,47393.3319211136
LA,SAINT MARTIN,2006,9418.159975812745
LA,SAINT MARTIN,2007,11241.900685812794
LA,SAINT MARTIN,2008,12041.295631750305
LA,SAINT MARTIN,2009,12801.186825000319
LA,SAINT MARTIN,2010,13301.271097725377
LA,SAINT MARTIN,2011,15292.046670000454
LA,SAINT MARTIN,2012,15510.978128400524
LA,SAINT MARY,2006,13836.152285950438
LA,SAINT MARY,2007,15554.985299762933
LA,SAINT MARY,2008,18141.07470203799
LA,SAINT MARY,2009,21393.967369312875
LA,SAINT MARY,2010,22776.481282950495
LA,SAINT MARY,2011,23302.22331045029
LA,SAINT MARY,2012,26605.501642725314
LA,SAINT TAMMANY,2006,116296.96667797476
LA,SAINT TAMMANY,2007,128166.1589929386
LA,SAINT TAMMANY,2008,127520.99632190076
LA,SAINT TAMMANY,2009,130049.01674993821
LA,SAINT TAMMANY,2010,124638.55050826365
LA,SAINT TAMMANY,2011,136465.60221961263
LA,SAINT TAMMANY,2012,153516.8059861612
LA,ST JOHN THE BAPTIST,2006,6916.252454362626
LA,ST JOHN THE BAPTIST,2007,8014.117848000172
LA,ST JOHN THE BAPTIST,2008,8275.879833000206
LA,ST JOHN THE BAPTIST,2009,9090.70650000018
LA,ST JOHN THE BAPTIST,2010,10133.526577500217
LA,ST JOHN THE BAPTIST,2011,11505.49780545025
LA,ST JOHN THE BAPTIST,2012,12977.060477025274
LA,TANGIPAHOA,2006,45676.94926990204
LA,TANGIPAHOA,2007,51354.932183176934
LA,TANGIPAHOA,2008,58748.08485043947
LA,TANGIPAHOA,2009,69047.37442747744
LA,TANGIPAHOA,2010,75754.2725311149
LA,TANGIPAHOA,2011,80884.74339952723
LA,TANGIPAHOA,2012,80018.30559337608
LA,TENSAS,2006,316.8877784999992
LA,TENSAS,2007,317.0667059999992
LA,TENSAS,2008,380.2194374999985
LA,TENSAS,2009,323.46187499999877
LA,TENSAS,2010,475.5394124999959
LA,TENSAS,2011,711.5918999999989
LA,TENSAS,2012,588.8230874999991
LA,TERREBONNE,2006,24503.81455595116
LA,TERREBONNE,2007,26357.124676676274
LA,TERREBONNE,2008,27740.908562813747
LA,TERREBONNE,2009,28272.69646953844
LA,TERREBONNE,2010,31942.584337726
LA,TERREBONNE,2011,34830.65576317614
LA,TERREBONNE,2012,40441.83687371394
LA,UNION,2006,3011.306762724982
LA,UNION,2007,3150.7835749999867
LA,UNION,2008,3577.0050790874825
LA,UNION,2009,3771.723884999981
LA,UNION,2010,3598.199864999992
LA,UNION,2011,4327.234200000011
LA,UNION,2012,4968.783480000035
LA,VERMILION,2006,10475.480183037918
LA,VERMILION,2007,11275.819482387864
LA,VERMILION,2008,11924.919392875368
LA,VERMILION,2009,12413.679578625375
LA,VERMILION,2010,15372.64318226298
LA,VERMILION,2011,26569.639730212704
LA,VERMILION,2012,15220.572373612982
LA,VERNON,2006,8396.049788362612
LA,VERNON,2007,10835.48701122518
LA,VERNON,2008,12812.608433450177
LA,VERNON,2009,14709.703972500172
LA,VERNON,2010,16496.207846812766
LA,VERNON,2011,21723.282601125222
LA,VERNON,2012,25884.404319750094
LA,WASHINGTON,2006,22215.57585117535
LA,WASHINGTON,2007,20747.80167803783
LA,WASHINGTON,2008,25645.67257567522
LA,WASHINGTON,2009,23497.370235675276
LA,WASHINGTON,2010,36846.636822488115
LA,WASHINGTON,2011,67365.46879590146
LA,WASHINGTON,2012,50333.99383316335
LA,WEBSTER,2006,10502.47143393772
LA,WEBSTER,2007,11226.553276612845
LA,WEBSTER,2008,13568.984778150405
LA,WEBSTER,2009,12969.597546112993
LA,WEBSTER,2010,13009.432426800453
LA,WEBSTER,2011,13720.795021350437
LA,WEBSTER,2012,13724.404471350457
LA,WEST BATON ROUGE,2006,9865.99312636262
LA,WEST BATON ROUGE,2007,14221.595879000202
LA,WEST BATON ROUGE,2008,17833.537239000147
LA,WEST BATON ROUGE,2009,14392.586985000104
LA,WEST BATON ROUGE,2010,14000.5325250001
LA,WEST BATON ROUGE,2011,9453.043815000121
LA,WEST BATON ROUGE,2012,10151.598060000117
LA,WEST CARROLL,2006,1460.678895000006
LA,WEST CARROLL,2007,1359.2455088625018
LA,WEST CARROLL,2008,1456.6584338625032
LA,WEST CARROLL,2009,1522.654125900003
LA,WEST CARROLL,2010,1597.2765679500005
LA,WEST CARROLL,2011,1918.2121463625022
LA,WEST CARROLL,2012,2117.8953529499995
LA,WEST FELICIANA,2006,1065.6991940000034
LA,WEST FELICIANA,2007,1194.876399000003
LA,WEST FELICIANA,2008,1325.67
LA,WEST FELICIANA,2009,1727.2543125000027
LA,WEST FELICIANA,2010,1884.3667274999996
LA,WEST FELICIANA,2011,2329.0861613625016
LA,WEST FELICIANA,2012,2243.945523862497
LA,WINN,2006,4122.129535224983
LA,WINN,2007,4002.7138874999646
LA,WINN,2008,4711.664168862522
LA,WINN,2009,5157.802740000039
LA,WINN,2010,5326.771575225076
LA,WINN,2011,6505.245592725143
LA,WINN,2012,6397.830390000132
MS,ADAMS,2006,11331.859917537608
MS,ADAMS,2007,12658.402576537737
MS,ADAMS,2008,14239.159755987728
MS,ADAMS,2009,14974.639909987798
MS,ADAMS,2010,16014.643074300297
MS,ADAMS,2011,17873.416797262827
MS,ADAMS,2012,17306.837761800285
MS,ALCORN,2006,17529.29112981286
MS,ALCORN,2007,19314.33575625022
MS,ALCORN,2008,18432.39060201267
MS,ALCORN,2009,20674.93061242522
MS,ALCORN,2010,23153.943308587593
MS,ALCORN,2011,26104.4108001751
MS,ALCORN,2012,26529.121142024986
MS,AMITE,2006,1807.1819327250014
MS,AMITE,2007,2139.1262250000023
MS,AMITE,2008,2282.9350354499984
MS,AMITE,2009,2402.322007499999
MS,AMITE,2010,2651.6217563624978
MS,AMITE,2011,2683.2082990874947
MS,AMITE,2012,3099.0468865875
MS,ATTALA,2006,4141.779516000003
MS,ATTALA,2007,4159.488453225012
MS,ATTALA,2008,4717.510033725025
MS,ATTALA,2009,5109.753540000024
MS,ATTALA,2010,5503.139122500041
MS,ATTALA,2011,5405.434597950057
MS,ATTALA,2012,6071.294703862557
MS,BENTON,2006,553.5460163624998
MS,BENTON,2007,838.2903645374995
MS,BENTON,2008,913.0339549874996
MS,BENTON,2009,1233.3951540749993
MS,BENTON,2010,1318.5455818124994
MS,BENTON,2011,1656.6526124999993
MS,BENTON,2012,1877.7371325000008
MS,BOLIVAR,2006,3991.0604227249682
MS,BOLIVAR,2007,4586.427915724986
MS,BOLIVAR,2008,4751.609997000019
MS,BOLIVAR,2009,5361.442605000037
MS,BOLIVAR,2010,5519.111404087557
MS,BOLIVAR,2011,5973.2577452251135
MS,BOLIVAR,2012,6571.154866350113
MS,CALHOUN,2006,2408.113237499988
MS,CALHOUN,2007,2587.165387499975
MS,CALHOUN,2008,2824.59896249997
MS,CALHOUN,2009,3401.0916974999627
MS,CALHOUN,2010,3072.4198499999793
MS,CALHOUN,2011,3653.8614374999743
MS,CALHOUN,2012,3584.5781699999743
MS,CARROLL,2006,171.89670000000018
MS,CARROLL,2007,182.1038625000002
MS,CARROLL,2008,221.8996469999999
MS,CARROLL,2009,239.9275124999998
MS,CARROLL,2010,314.29552499999977
MS,CARROLL,2011,349.99147499999947
MS,CARROLL,2012,421.71431249999944
MS,CHICKASAW,2006,3736.4281163624764
MS,CHICKASAW,2007,4241.380392724979
MS,CHICKASAW,2008,4704.99192750002
MS,CHICKASAW,2009,5460.101779312561
MS,CHICKASAW,2010,6802.081088175103
MS,CHICKASAW,2011,8149.156013175173
MS,CHICKASAW,2012,8384.834850450225
MS,CHOCTAW,2006,736.4688000000007
MS,CHOCTAW,2007,894.5770654499995
MS,CHOCTAW,2008,1094.3535375000001
MS,CHOCTAW,2009,1347.831491362499
MS,CHOCTAW,2010,1800.444720225001
MS,CHOCTAW,2011,2204.808881812508
MS,CHOCTAW,2012,2153.221353862502
MS,CLAIBORNE,2006,1086.633825000003
MS,CLAIBORNE,2007,1105.3179075000055
MS,CLAIBORNE,2008,1286.201272500004
MS,CLAIBORNE,2009,1359.6912000000045
MS,CLAIBORNE,2010,1606.9334288625053
MS,CLAIBORNE,2011,1195.4754375000032
MS,CLAIBORNE,2012,968.680125450002
MS,CLARKE,2006,4028.267904500019
MS,CLARKE,2007,4396.298535000014
MS,CLARKE,2008,4790.243027587521
MS,CLARKE,2009,5362.649430000027
MS,CLARKE,2010,6299.654152500035
MS,CLARKE,2011,6619.159477500055
MS,CLARKE,2012,7291.386855225062
MS,CLAY,2006,3272.5770432250138
MS,CLAY,2007,3889.986172500007
MS,CLAY,2008,4398.140445000009
MS,CLAY,2009,5241.778357500037
MS,CLAY,2010,6066.32477250004
MS,CLAY,2011,6398.4212025000625
MS,CLAY,2012,6995.058217500059
MS,COAHOMA,2006,5220.456365225066
MS,COAHOMA,2007,5638.875965225049
MS,COAHOMA,2008,6379.987502500111
MS,COAHOMA,2009,6949.259700000132
MS,COAHOMA,2010,7136.365410225166
MS,COAHOMA,2011,7314.035952712659
MS,COAHOMA,2012,8366.970087450183
MS,COPIAH,2006,4241.038529362505
MS,COPIAH,2007,5067.918132850037
MS,COPIAH,2008,5742.642098175045
MS,COPIAH,2009,6439.501845000078
MS,COPIAH,2010,7262.2910550001325
MS,COPIAH,2011,8508.987296362657
MS,COPIAH,2012,8885.828640000158
MS,COVINGTON,2006,3549.9851127250054
MS,COVINGTON,2007,4275.746895000014
MS,COVINGTON,2008,5253.4995963625615
MS,COVINGTON,2009,5917.321305000063
MS,COVINGTON,2010,7107.302107500112
MS,COVINGTON,2011,8850.798120000172
MS,COVINGTON,2012,9707.138437500149
MS,DESOTO,2006,32166.569342227136
MS,DESOTO,2007,37094.065039030225
MS,DESOTO,2008,42033.22300017802
MS,DESOTO,2009,51782.1355238659
MS,DESOTO,2010,53462.38545086603
MS,DESOTO,2011,56970.96942476641
MS,DESOTO,2012,61241.49984409087
MS,FORREST,2006,38122.63781362645
MS,FORREST,2007,39612.539969901765
MS,FORREST,2008,42227.42507795171
MS,FORREST,2009,49040.740080001604
MS,FORREST,2010,59173.897174314036
MS,FORREST,2011,62274.061310213765
MS,FORREST,2012,72353.01009997648
MS,FRANKLIN,2006,1841.0458875000024
MS,FRANKLIN,2007,2379.500842500001
MS,FRANKLIN,2008,2430.6600899999994
MS,FRANKLIN,2009,3301.970662500011
MS,FRANKLIN,2010,3947.906805000013
MS,FRANKLIN,2011,3626.231970000018
MS,FRANKLIN,2012,3525.545362500024
MS,GEORGE,2006,6867.351315675082
MS,GEORGE,2007,8016.173239405094
MS,GEORGE,2008,9211.780641562644
MS,GEORGE,2009,9551.612304975164
MS,GEORGE,2010,9991.478332687706
MS,GEORGE,2011,10784.318684737707
MS,GEORGE,2012,11670.572231325188
MS,GREENE,2006,1002.6572149999985
MS,GREENE,2007,1402.0399155875016
MS,GREENE,2008,1866.3468743625033
MS,GREENE,2009,1334.1912075000025
MS,GREENE,2010,2354.405786362512
MS,GREENE,2011,1898.5169250000079
MS,GREENE,2012,2235.97475250001
MS,GRENADA,2006,6539.109442500027
MS,GRENADA,2007,7680.357376087533
MS,GRENADA,2008,5604.074447812534
MS,GRENADA,2009,6041.429977500026
MS,GRENADA,2010,7034.370225000081
MS,GRENADA,2011,7986.309750000111
MS,GRENADA,2012,9036.932355000137
MS,HANCOCK,2006,8033.5572647626195
MS,HANCOCK,2007,9363.12187930026
MS,HANCOCK,2008,10793.945229525303
MS,HANCOCK,2009,12645.55589748786
MS,HANCOCK,2010,15329.782856362912
MS,HANCOCK,2011,21284.49327045041
MS,HANCOCK,2012,21874.497067950328
MS,HARRISON,2006,61738.28895057914
MS,HARRISON,2007,72343.86415094236
MS,HARRISON,2008,83671.37242961838
MS,HARRISON,2009,89239.35793035595
MS,HARRISON,2010,101244.24194726885
MS,HARRISON,2011,117222.71061589466
MS,HARRISON,2012,134343.58064224594
MS,HINDS,2006,28276.179505227257
MS,HINDS,2007,31776.198447452538
MS,HINDS,2008,35495.77790486555
MS,HINDS,2009,36876.65457195339
MS,HINDS,2010,40247.937314628565
MS,HINDS,2011,42331.04562022911
MS,HINDS,2012,44762.67291214179
MS,HOLMES,2006,1482.870825000006
MS,HOLMES,2007,1564.7844030000063
MS,HOLMES,2008,1938.5182110000123
MS,HOLMES,2009,2266.8468375000084
MS,HOLMES,2010,2432.449245000007
MS,HOLMES,2011,2285.355225000001
MS,HOLMES,2012,2434.428457500003
MS,HUMPHREYS,2006,337.01981249999926
MS,HUMPHREYS,2007,515.870662499999
MS,HUMPHREYS,2008,415.6744874999987
MS,HUMPHREYS,2009,423.61848749999876
MS,HUMPHREYS,2010,562.2915374999988
MS,HUMPHREYS,2011,736.504447499999
MS,HUMPHREYS,2012,877.3742100000003
MS,ITAWAMBA,2006,9662.866696362733
MS,ITAWAMBA,2007,11004.90753908775
MS,ITAWAMBA,2008,10868.12900295027
MS,ITAWAMBA,2009,11593.524821362744
MS,ITAWAMBA,2010,11545.889021362758
MS,ITAWAMBA,2011,10409.612715000276
MS,ITAWAMBA,2012,10529.791946587806
MS,JACKSON,2006,47401.59634757622
MS,JACKSON,2007,53250.53175957636
MS,JACKSON,2008,57998.86444831343
MS,JACKSON,2009,66073.53498390086
MS,JACKSON,2010,67729.71388203837
MS,JACKSON,2011,76246.67690272577
MS,JACKSON,2012,76566.51595998877
MS,JASPER,2006,908.7729875000008
MS,JASPER,2007,1125.5370250000005
MS,JASPER,2008,1386.1060500000042
MS,JASPER,2009,1563.632373862506
MS,JASPER,2010,1909.0100288625083
MS,JASPER,2011,1975.9516500000047
MS,JASPER,2012,2319.572700000009
MS,JEFFERSON,2006,393.5690999999994
MS,JEFFERSON,2007,296.1853874999997
MS,JEFFERSON,2008,364.89697499999926
MS,JEFFERSON,2009,411.2020949999991
MS,JEFFERSON,2010,380.2168124999996
MS,JEFFERSON,2011,453.21236636249887
MS,JEFFERSON,2012,499.22617499999865
MS,JEFFERSON DAVIS,2006,2735.518599999998
MS,JEFFERSON DAVIS,2007,3096.5649974999915
MS,JEFFERSON DAVIS,2008,3399.3849623624997
MS,JEFFERSON DAVIS,2009,3575.356717500004
MS,JEFFERSON DAVIS,2010,3323.6842575000046
MS,JEFFERSON DAVIS,2011,3949.5982538625226
MS,JEFFERSON DAVIS,2012,5300.392526362578
MS,JONES,2006,19361.968129087963
MS,JONES,2007,23569.359385400476
MS,JONES,2008,26127.4505483131
MS,JONES,2009,28562.872717950562
MS,JONES,2010,32119.470165675422
MS,JONES,2011,38299.735834312894
MS,JONES,2012,46880.36167770027
MS,KEMPER,2006,1242.574312500001
MS,KEMPER,2007,1507.5054375000013
MS,KEMPER,2008,1640.3533125000029
MS,KEMPER,2009,1857.2261249999963
MS,KEMPER,2010,2346.3439875
MS,KEMPER,2011,2026.6133250000066
MS,KEMPER,2012,1632.5083163625068
MS,LAFAYETTE,2006,5112.910894000067
MS,LAFAYETTE,2007,6076.629022725092
MS,LAFAYETTE,2008,7122.284562725122
MS,LAFAYETTE,2009,8229.10416000019
MS,LAFAYETTE,2010,9135.797932725223
MS,LAFAYETTE,2011,10347.3235013628
MS,LAFAYETTE,2012,11564.360021812832
MS,LAMAR,2006,6869.084677725056
MS,LAMAR,2007,6967.377003862566
MS,LAMAR,2008,7478.729685000121
MS,LAMAR,2009,9363.512778862634
MS,LAMAR,2010,10295.544930000135
MS,LAMAR,2011,13848.145245000152
MS,LAMAR,2012,15493.80770636268
MS,LAUDERDALE,2006,25348.489825725792
MS,LAUDERDALE,2007,31063.79907948847
MS,LAUDERDALE,2008,34277.215667726035
MS,LAUDERDALE,2009,37769.11091636362
MS,LAUDERDALE,2010,38032.15211272607
MS,LAUDERDALE,2011,41573.403267263915
MS,LAUDERDALE,2012,44010.87515838927
MS,LAWRENCE,2006,2896.5879125000133
MS,LAWRENCE,2007,3206.2053154500163
MS,LAWRENCE,2008,3529.5521077250137
MS,LAWRENCE,2009,3926.0512613625165
MS,LAWRENCE,2010,4126.883358862523
MS,LAWRENCE,2011,4717.841257725032
MS,LAWRENCE,2012,5527.35051453753
MS,LEAKE,2006,3361.719372499985
MS,LEAKE,2007,4034.019568862495
MS,LEAKE,2008,4627.921642500022
MS,LEAKE,2009,4974.2070000000185
MS,LEAKE,2010,5867.611455000096
MS,LEAKE,2011,6111.5057327251025
MS,LEAKE,2012,6834.032865000123
MS,LEE,2006,20925.597606401032
MS,LEE,2007,22929.884753038703
MS,LEE,2008,21636.152474901115
MS,LEE,2009,23168.768877263657
MS,LEE,2010,27347.324713501388
MS,LEE,2011,30477.633019501838
MS,LEE,2012,32281.375255089224
MS,LEFLORE,2006,4472.964797262491
MS,LEFLORE,2007,5118.851827662536
MS,LEFLORE,2008,5856.827630662574
MS,LEFLORE,2009,6709.588503375092
MS,LEFLORE,2010,6540.695591325062
MS,LEFLORE,2011,7779.382520212618
MS,LEFLORE,2012,8231.915819737678
MS,LINCOLN,2006,8868.169845000122
MS,LINCOLN,2007,10907.127372862693
MS,LINCOLN,2008,11139.487262000166
MS,LINCOLN,2009,12607.493137500149
MS,LINCOLN,2010,15163.000470000223
MS,LINCOLN,2011,14091.28261136273
MS,LINCOLN,2012,15165.467280225203
MS,LOWNDES,2006,9596.055212000194
MS,LOWNDES,2007,10460.507329225222
MS,LOWNDES,2008,11827.365776362702
MS,LOWNDES,2009,17099.626385437798
MS,LOWNDES,2010,28060.8922504504
MS,LOWNDES,2011,30003.160894087992
MS,LOWNDES,2012,21305.430356587833
MS,MADISON,2006,15132.22490507565
MS,MADISON,2007,17398.145025700913
MS,MADISON,2008,19148.533836151073
MS,MADISON,2009,20289.53303088869
MS,MADISON,2010,23918.563988176127
MS,MADISON,2011,26998.016892264037
MS,MADISON,2012,28278.572821126745
MS,MARION,2006,15204.778180450348
MS,MARION,2007,16530.86691067534
MS,MARION,2008,20990.33268658798
MS,MARION,2009,22684.745490000507
MS,MARION,2010,21199.92040500045
MS,MARION,2011,26137.07300250035
MS,MARION,2012,29076.784830000382
MS,MARSHALL,2006,1967.9247500000001
MS,MARSHALL,2007,2403.188602500002
MS,MARSHALL,2008,2264.0689125000017
MS,MARSHALL,2009,2534.1609899999994
MS,MARSHALL,2010,2970.8407125000017
MS,MARSHALL,2011,3615.150585
MS,MARSHALL,2012,4127.48733750001
MS,MONROE,2006,5486.888865000047
MS,MONROE,2007,6649.717565362625
MS,MONROE,2008,6844.839030500118
MS,MONROE,2009,8020.875705000144
MS,MONROE,2010,9447.066180000169
MS,MONROE,2011,9743.160562500201
MS,MONROE,2012,11411.910307500279
MS,MONTGOMERY,2006,1349.786690000001
MS,MONTGOMERY,2007,1754.6733825
MS,MONTGOMERY,2008,2037.247965000001
MS,MONTGOMERY,2009,2336.527837500003
MS,MONTGOMERY,2010,2416.3548870000022
MS,MONTGOMERY,2011,2686.8586874999924
MS,MONTGOMERY,2012,2939.847149999983
MS,NESHOBA,2006,11143.365620225037
MS,NESHOBA,2007,12228.283057362582
MS,NESHOBA,2008,12934.975610000085
MS,NESHOBA,2009,14162.691105000224
MS,NESHOBA,2010,14794.215217500192
MS,NESHOBA,2011,16074.609225000226
MS,NESHOBA,2012,16810.286692500264
MS,NEWTON,2006,2326.117895000001
MS,NEWTON,2007,3042.433282500003
MS,NEWTON,2008,3310.7903400000155
MS,NEWTON,2009,3427.5156450000122
MS,NEWTON,2010,3405.48207000001
MS,NEWTON,2011,4006.149461362511
MS,NEWTON,2012,4243.121520000011
MS,NOXUBEE,2006,877.6271625000023
MS,NOXUBEE,2007,1027.5364125000028
MS,NOXUBEE,2008,1209.1982595000018
MS,NOXUBEE,2009,1407.0059925000057
MS,NOXUBEE,2010,1626.6368775000053
MS,NOXUBEE,2011,1876.8992400000088
MS,NOXUBEE,2012,2082.046035000012
MS,OKTIBBEHA,2006,4875.48668650002
MS,OKTIBBEHA,2007,5845.422354725051
MS,OKTIBBEHA,2008,7589.756959000089
MS,OKTIBBEHA,2009,8279.955078862573
MS,OKTIBBEHA,2010,7822.661752500103
MS,OKTIBBEHA,2011,9077.771025000146
MS,OKTIBBEHA,2012,9462.802432500128
MS,PANOLA,2006,7027.199482950151
MS,PANOLA,2007,7817.782780675194
MS,PANOLA,2008,9283.528065537723
MS,PANOLA,2009,9343.636482037717
MS,PANOLA,2010,9432.746363400263
MS,PANOLA,2011,9343.376719087784
MS,PANOLA,2012,9886.61981430026
MS,PEARL RIVER,2006,17112.425401813114
MS,PEARL RIVER,2007,17464.751969888075
MS,PEARL RIVER,2008,19831.56633316308
MS,PEARL RIVER,2009,21754.526394900575
MS,PEARL RIVER,2010,25295.734139850505
MS,PEARL RIVER,2011,28902.64207770026
MS,PEARL RIVER,2012,36549.422168025674
MS,PERRY,2006,2716.2325099875043
MS,PERRY,2007,3154.9381243125044
MS,PERRY,2008,2846.7780309000104
MS,PERRY,2009,3044.598218625012
MS,PERRY,2010,3503.588411362522
MS,PERRY,2011,3847.7789213625183
MS,PERRY,2012,4316.5319250000275
MS,PIKE,2006,13026.283519087634
MS,PIKE,2007,14549.87019236254
MS,PIKE,2008,16460.487446862633
MS,PIKE,2009,17976.933401362672
MS,PIKE,2010,19953.054615675275
MS,PIKE,2011,22476.266784075295
MS,PIKE,2012,25768.088627250116
MS,PONTOTOC,2006,4549.784095225011
MS,PONTOTOC,2007,5542.00172750002
MS,PONTOTOC,2008,5764.586867500054
MS,PONTOTOC,2009,6032.470845000076
MS,PONTOTOC,2010,7096.234410000096
MS,PONTOTOC,2011,8506.948935000146
MS,PONTOTOC,2012,8751.107827500173
MS,PRENTISS,2006,3722.3469888624945
MS,PRENTISS,2007,4630.5281477250155
MS,PRENTISS,2008,4705.372027500029
MS,PRENTISS,2009,5299.122915000081
MS,PRENTISS,2010,6209.625108862628
MS,PRENTISS,2011,7757.564962500212
MS,PRENTISS,2012,8335.373992500232
MS,QUITMAN,2006,838.421540000003
MS,QUITMAN,2007,850.7778827250035
MS,QUITMAN,2008,886.2597750000034
MS,QUITMAN,2009,960.9939375000047
MS,QUITMAN,2010,928.7188875000041
MS,QUITMAN,2011,858.4893413625027
MS,QUITMAN,2012,851.118836587502
MS,RANKIN,2006,27163.57641821429
MS,RANKIN,2007,33983.30813087718
MS,RANKIN,2008,38398.17454088999
MS,RANKIN,2009,40588.088728840456
MS,RANKIN,2010,45131.033396553445
MS,RANKIN,2011,51047.61500441663
MS,RANKIN,2012,54570.07973010422
MS,SCOTT,2006,4318.293060000005
MS,SCOTT,2007,4897.4756125000395
MS,SCOTT,2008,5824.541192500109
MS,SCOTT,2009,5940.31026000008
MS,SCOTT,2010,6275.856843862573
MS,SCOTT,2011,6967.344682500069
MS,SCOTT,2012,7531.697227500103
MS,SHARKEY,2006,374.92223999999845
MS,SHARKEY,2007,430.8100238624981
MS,SHARKEY,2008,532.8586163624974
MS,SHARKEY,2009,505.180049999996
MS,SHARKEY,2010,955.229325000002
MS,SHARKEY,2011,1150.6888499999998
MS,SHARKEY,2012,1298.1628499999954
MS,SIMPSON,2006,7619.985705450139
MS,SIMPSON,2007,8887.569756762658
MS,SIMPSON,2008,10393.547456437658
MS,SIMPSON,2009,11010.848218612671
MS,SIMPSON,2010,12018.020232937663
MS,SIMPSON,2011,14881.308440437717
MS,SIMPSON,2012,15861.395581237737
MS,SMITH,2006,868.2201750000017
MS,SMITH,2007,859.1562827250023
MS,SMITH,2008,1047.813450000003
MS,SMITH,2009,1309.831087500005
MS,SMITH,2010,1561.6777990875041
MS,SMITH,2011,1764.2779088625052
MS,SMITH,2012,2017.979220225007
MS,STONE,2006,6123.326112537572
MS,STONE,2007,6891.690202862627
MS,STONE,2008,7873.126305500119
MS,STONE,2009,11056.037347500222
MS,STONE,2010,10671.23116500021
MS,STONE,2011,11299.865013862785
MS,STONE,2012,11834.859352725201
MS,SUNFLOWER,2006,2373.9027000000065
MS,SUNFLOWER,2007,2954.604327500004
MS,SUNFLOWER,2008,3455.523037500005
MS,SUNFLOWER,2009,3264.9664209000102
MS,SUNFLOWER,2010,3926.4060038625153
MS,SUNFLOWER,2011,4222.186282500028
MS,SUNFLOWER,2012,4307.071788862539
MS,TALLAHATCHIE,2006,913.2652345875048
MS,TALLAHATCHIE,2007,999.0850922250052
MS,TALLAHATCHIE,2008,1102.2535763625053
MS,TALLAHATCHIE,2009,1310.8592475000064
MS,TALLAHATCHIE,2010,1610.484240000007
MS,TALLAHATCHIE,2011,1408.9965188625092
MS,TALLAHATCHIE,2012,1486.1967452250049
MS,TATE,2006,4981.461126362545
MS,TATE,2007,5875.374586862603
MS,TATE,2008,7579.680394225128
MS,TATE,2009,8563.430940000208
MS,TATE,2010,9708.925095675238
MS,TATE,2011,10950.796710450339
MS,TATE,2012,11516.088004762916
MS,TIPPAH,2006,4854.163967500003
MS,TIPPAH,2007,6103.940492500058
MS,TIPPAH,2008,5918.968190000053
MS,TIPPAH,2009,6308.230590000025
MS,TIPPAH,2010,6963.876765000075
MS,TIPPAH,2011,8090.467631362642
MS,TIPPAH,2012,8831.943288862649
MS,TISHOMINGO,2006,9379.385823500086
MS,TISHOMINGO,2007,9302.616673362616
MS,TISHOMINGO,2008,9734.672390862574
MS,TISHOMINGO,2009,11021.161860000146
MS,TISHOMINGO,2010,12181.078428862736
MS,TISHOMINGO,2011,14173.840552500307
MS,TISHOMINGO,2012,15322.306860000246
MS,TUNICA,2006,928.1761499999992
MS,TUNICA,2007,921.5452844999996
MS,TUNICA,2008,1093.5527875000012
MS,TUNICA,2009,1180.3136250000025
MS,TUNICA,2010,1409.3560500000049
MS,TUNICA,2011,1248.1127327250022
MS,TUNICA,2012,1262.6129065875014
MS,UNION,2006,7703.556005000117
MS,UNION,2007,8687.366410077655
MS,UNION,2008,8112.327547500139
MS,UNION,2009,7280.66880000011
MS,UNION,2010,7885.410693862673
MS,UNION,2011,8507.304285000222
MS,UNION,2012,8586.934766587727
MS,WALTHALL,2006,3348.8640113625192
MS,WALTHALL,2007,3930.9062488499994
MS,WALTHALL,2008,4365.201879075016
MS,WALTHALL,2009,4523.939525212512
MS,WALTHALL,2010,4663.19096362503
MS,WALTHALL,2011,5122.017382500033
MS,WALTHALL,2012,4880.071852500031
MS,WARREN,2006,10282.369854587676
MS,WARREN,2007,11848.880433350245
MS,WARREN,2008,12092.450579987726
MS,WARREN,2009,13489.602578400327
MS,WARREN,2010,16109.565199537865
MS,WARREN,2011,18974.770853625338
MS,WARREN,2012,19718.16206658791
MS,WASHINGTON,2006,7133.021258862597
MS,WASHINGTON,2007,7927.98952250015
MS,WASHINGTON,2008,8587.950525225157
MS,WASHINGTON,2009,9517.976861362746
MS,WASHINGTON,2010,9776.871037500277
MS,WASHINGTON,2011,11233.961122500526
MS,WASHINGTON,2012,12543.761381363096
MS,WAYNE,2006,8082.648220000099
MS,WAYNE,2007,9620.909637500103
MS,WAYNE,2008,11141.534506175143
MS,WAYNE,2009,17565.861960000195
MS,WAYNE,2010,19363.427081362635
MS,WAYNE,2011,19828.650011587593
MS,WAYNE,2012,15167.294702250105
MS,WEBSTER,2006,2705.8906274999913
MS,WEBSTER,2007,2723.34193499999
MS,WEBSTER,2008,3186.676642499995
MS,WEBSTER,2009,3105.8482425000075
MS,WEBSTER,2010,3440.6692650000214
MS,WEBSTER,2011,3563.1259125000206
MS,WEBSTER,2012,3595.4498288625227
MS,WILKINSON,2006,2523.967762499985
MS,WILKINSON,2007,2369.507624999987
MS,WILKINSON,2008,2472.353992499982
MS,WILKINSON,2009,2732.270144999978
MS,WILKINSON,2010,2771.1794324999796
MS,WILKINSON,2011,3267.045551587474
MS,WILKINSON,2012,3746.1415913624774
MS,WINSTON,2006,2393.971002500003
MS,WINSTON,2007,2853.9048374999893
MS,WINSTON,2008,2998.1597625000018
MS,WINSTON,2009,3481.6580775000048
MS,WINSTON,2010,3893.6756063625003
MS,WINSTON,2011,4493.293312500037
MS,WINSTON,2012,4586.105648850053
MS,YALOBUSHA,2006,1316.9603624999997
MS,YALOBUSHA,2007,1369.8352245000012
MS,YALOBUSHA,2008,1371.4821375000006
MS,YALOBUSHA,2009,1612.519837500002
MS,YALOBUSHA,2010,1584.671062500003
MS,YALOBUSHA,2011,1732.9212000000005
MS,YALOBUSHA,2012,2004.0544499999976
MS,YAZOO,2006,3320.430750000013
MS,YAZOO,2007,3313.749356000015
MS,YAZOO,2008,3159.7098165875177
MS,YAZOO,2009,3839.5122825000294
MS,YAZOO,2010,4156.758142500029
MS,YAZOO,2011,5148.821355000045
MS,YAZOO,2012,5937.54318000005
SC,ABBEVILLE,2006,3136.21538936251
SC,ABBEVILLE,2007,3228.788996862507
SC,ABBEVILLE,2008,3070.379709262506
SC,ABBEVILLE,2009,3827.607064987507
SC,ABBEVILLE,2010,4657.525812487521
SC,ABBEVILLE,2011,4833.266017500018
SC,ABBEVILLE,2012,4835.180167500024
SC,AIKEN,2006,28106.759579351314
SC,AIKEN,2007,35225.810751302066
SC,AIKEN,2008,40748.31945932763
SC,AIKEN,2009,47083.04550720228
SC,AIKEN,2010,55427.03326560198
SC,AIKEN,2011,63048.09323917692
SC,AIKEN,2012,70083.2239414151
SC,ALLENDALE,2006,1251.1885455000024
SC,ALLENDALE,2007,1507.983363000001
SC,ALLENDALE,2008,3375.1215974999973
SC,ALLENDALE,2009,2153.477940000004
SC,ALLENDALE,2010,2126.6238825000014
SC,ALLENDALE,2011,2680.2835949999994
SC,ALLENDALE,2012,2997.6994650000015
SC,ANDERSON,2006,58870.65556622831
SC,ANDERSON,2007,61807.15778109088
SC,ANDERSON,2008,66875.66893336596
SC,ANDERSON,2009,76478.61848475435
SC,ANDERSON,2010,80556.28556059173
SC,ANDERSON,2011,85944.75086250485
SC,ANDERSON,2012,89378.30708816797
SC,BAMBERG,2006,2997.5212455000055
SC,BAMBERG,2007,3007.954390500008
SC,BAMBERG,2008,3661.9709400000065
SC,BAMBERG,2009,4813.055891362516
SC,BAMBERG,2010,4545.679211362519
SC,BAMBERG,2011,4613.26742250003
SC,BAMBERG,2012,5189.053995000027
SC,BARNWELL,2006,6603.793173500088
SC,BARNWELL,2007,8135.065697950109
SC,BARNWELL,2008,9828.988203862655
SC,BARNWELL,2009,11217.530516250124
SC,BARNWELL,2010,12222.07385250016
SC,BARNWELL,2011,11894.181986362684
SC,BARNWELL,2012,11429.600685225103
SC,BEAUFORT,2006,27947.029025801447
SC,BEAUFORT,2007,29989.754073314227
SC,BEAUFORT,2008,32565.457910589204
SC,BEAUFORT,2009,35096.441224088965
SC,BEAUFORT,2010,37106.947811363614
SC,BEAUFORT,2011,38085.59478022616
SC,BEAUFORT,2012,39764.573816363634
SC,BERKELEY,2006,23107.337092813414
SC,BERKELEY,2007,27622.94850011359
SC,BERKELEY,2008,34044.693043613814
SC,BERKELEY,2009,40068.84210408846
SC,BERKELEY,2010,45691.9936847635
SC,BERKELEY,2011,52168.044624076116
SC,BERKELEY,2012,58496.54755522626
SC,CALHOUN,2006,3143.718352499999
SC,CALHOUN,2007,2898.0512085000023
SC,CALHOUN,2008,2848.881169500005
SC,CALHOUN,2009,3089.5768500000045
SC,CALHOUN,2010,2641.6909875000047
SC,CALHOUN,2011,2326.2141377250036
SC,CALHOUN,2012,2352.6615225000055
SC,CHARLESTON,2006,160034.48033621671
SC,CHARLESTON,2007,210287.0044132709
SC,CHARLESTON,2008,269832.5634108965
SC,CHARLESTON,2009,512189.96288061194
SC,CHARLESTON,2010,559474.1053487343
SC,CHARLESTON,2011,616160.5124615583
SC,CHARLESTON,2012,689301.3106653445
SC,CHEROKEE,2006,20847.822622362764
SC,CHEROKEE,2007,22473.787524225074
SC,CHEROKEE,2008,23867.664060087638
SC,CHEROKEE,2009,26424.10660500013
SC,CHEROKEE,2010,28122.1927013627
SC,CHEROKEE,2011,29962.15595295015
SC,CHEROKEE,2012,31774.22790408774
SC,CHESTER,2006,4339.931184499995
SC,CHESTER,2007,4890.905522000028
SC,CHESTER,2008,5375.2549040000495
SC,CHESTER,2009,6718.5727052250795
SC,CHESTER,2010,9241.040407725144
SC,CHESTER,2011,9584.30065931264
SC,CHESTER,2012,11228.664288862567
SC,CHESTERFIELD,2006,14244.126809037656
SC,CHESTERFIELD,2007,17213.987742450194
SC,CHESTERFIELD,2008,18504.932803725245
SC,CHESTERFIELD,2009,20011.93945500014
SC,CHESTERFIELD,2010,21323.613705000065
SC,CHESTERFIELD,2011,21837.543735000127
SC,CHESTERFIELD,2012,23339.88620250002
SC,CLARENDON,2006,9230.545117000116
SC,CLARENDON,2007,10086.81674300021
SC,CLARENDON,2008,14366.177712862853
SC,CLARENDON,2009,12147.23124431273
SC,CLARENDON,2010,12598.898348175291
SC,CLARENDON,2011,12430.664775000321
SC,CLARENDON,2012,12880.54134045025
SC,COLLETON,2006,8880.476560000072
SC,COLLETON,2007,9737.60856700009
SC,COLLETON,2008,10546.224841587626
SC,COLLETON,2009,12206.942022037612
SC,COLLETON,2010,14553.932340450103
SC,COLLETON,2011,17302.11375090018
SC,COLLETON,2012,19701.09369907522
SC,DARLINGTON,2006,31712.9870617254
SC,DARLINGTON,2007,37543.22956248833
SC,DARLINGTON,2008,39847.38988695097
SC,DARLINGTON,2009,43937.908920450915
SC,DARLINGTON,2010,50104.28176500096
SC,DARLINGTON,2011,57908.02648908879
SC,DARLINGTON,2012,66958.46295386365
SC,DILLON,2006,11355.094867725084
SC,DILLON,2007,12688.710604350095
SC,DILLON,2008,12953.123726400103
SC,DILLON,2009,14556.043313625065
SC,DILLON,2010,16916.427371812617
SC,DILLON,2011,18725.757822487663
SC,DILLON,2012,19834.525466587806
SC,DORCHESTER,2006,28858.63737850112
SC,DORCHESTER,2007,35072.83333136396
SC,DORCHESTER,2008,39241.87640600135
SC,DORCHESTER,2009,47121.05616795117
SC,DORCHESTER,2010,51205.21119408863
SC,DORCHESTER,2011,56698.32370522639
SC,DORCHESTER,2012,66574.13502885177
SC,EDGEFIELD,2006,874.5211875000024
SC,EDGEFIELD,2007,1012.1211780000011
SC,EDGEFIELD,2008,1317.8890965000019
SC,EDGEFIELD,2009,1609.6183499999988
SC,EDGEFIELD,2010,2145.1854750000025
SC,EDGEFIELD,2011,2696.5326000000073
SC,EDGEFIELD,2012,2944.5502500000102
SC,FAIRFIELD,2006,2828.5350339999973
SC,FAIRFIELD,2007,3135.001744500004
SC,FAIRFIELD,2008,3587.7211064999983
SC,FAIRFIELD,2009,4236.652087500004
SC,FAIRFIELD,2010,4455.976087500015
SC,FAIRFIELD,2011,4683.5086770375265
SC,FAIRFIELD,2012,5235.139935225027
SC,FLORENCE,2006,62992.0475888904
SC,FLORENCE,2007,65688.84666609079
SC,FLORENCE,2008,69254.64814546591
SC,FLORENCE,2009,78652.69221067897
SC,FLORENCE,2010,83704.59045772978
SC,FLORENCE,2011,92937.56151431856
SC,FLORENCE,2012,103133.45753726784
SC,GEORGETOWN,2006,20454.93121600052
SC,GEORGETOWN,2007,24332.129979500693
SC,GEORGETOWN,2008,26699.346687363246
SC,GEORGETOWN,2009,29714.519475000772
SC,GEORGETOWN,2010,33359.62978500065
SC,GEORGETOWN,2011,35528.12285250081
SC,GEORGETOWN,2012,38794.011382500656
SC,GREENVILLE,2006,170978.88510505864
SC,GREENVILLE,2007,184858.63257876132
SC,GREENVILLE,2008,193324.0636398101
SC,GREENVILLE,2009,233849.91560562342
SC,GREENVILLE,2010,270902.8673491075
SC,GREENVILLE,2011,292083.8185590006
SC,GREENVILLE,2012,281677.84643658984
SC,GREENWOOD,2006,17714.553995400525
SC,GREENWOOD,2007,20490.74759995063
SC,GREENWOOD,2008,22463.917720813333
SC,GREENWOOD,2009,26707.452667500744
SC,GREENWOOD,2010,27224.020627725764
SC,GREENWOOD,2011,29199.44497136333
SC,GREENWOOD,2012,30461.344553851
SC,HAMPTON,2006,4365.575475000002
SC,HAMPTON,2007,4762.133191000023
SC,HAMPTON,2008,5467.2202600000355
SC,HAMPTON,2009,5968.318402500031
SC,HAMPTON,2010,6882.960322500064
SC,HAMPTON,2011,6591.982072500067
SC,HAMPTON,2012,6941.041252500052
SC,HORRY,2006,109992.04757384454
SC,HORRY,2007,125516.47700939735
SC,HORRY,2008,140777.2481746612
SC,HORRY,2009,168121.36947863697
SC,HORRY,2010,185604.01991772422
SC,HORRY,2011,192567.00495113697
SC,HORRY,2012,210963.84576065122
SC,JASPER,2006,3177.561579499984
SC,JASPER,2007,3998.836356499965
SC,JASPER,2008,3963.1476449999786
SC,JASPER,2009,4388.1073649999935
SC,JASPER,2010,5481.29520000004
SC,JASPER,2011,4995.552540000032
SC,JASPER,2012,5622.919260000068
SC,KERSHAW,2006,7119.743481000155
SC,KERSHAW,2007,8533.560495500195
SC,KERSHAW,2008,9850.368772587786
SC,KERSHAW,2009,11179.169328900305
SC,KERSHAW,2010,13208.262289312866
SC,KERSHAW,2011,17008.649055450307
SC,KERSHAW,2012,19459.49588681276
SC,LANCASTER,2006,13009.053286588041
SC,LANCASTER,2007,16289.542470813181
SC,LANCASTER,2008,19565.826813088526
SC,LANCASTER,2009,24311.74333136364
SC,LANCASTER,2010,27915.660453863715
SC,LANCASTER,2011,27357.370968863754
SC,LANCASTER,2012,30217.570417500956
SC,LAURENS,2006,19852.609346950263
SC,LAURENS,2007,20103.190660437725
SC,LAURENS,2008,21665.658542937697
SC,LAURENS,2009,23142.22255383771
SC,LAURENS,2010,29476.84105293748
SC,LAURENS,2011,25688.469439762554
SC,LAURENS,2012,27785.834824987433
SC,LEE,2006,2789.509610500003
SC,LEE,2007,3378.8775905000048
SC,LEE,2008,3463.29002317501
SC,LEE,2009,3559.3161750000136
SC,LEE,2010,4108.354057725015
SC,LEE,2011,4089.197505900022
SC,LEE,2012,4513.549556812521
SC,LEXINGTON,2006,42782.2357820287
SC,LEXINGTON,2007,50201.22094294195
SC,LEXINGTON,2008,53800.18321917898
SC,LEXINGTON,2009,62507.82275659158
SC,LEXINGTON,2010,71635.67082840532
SC,LEXINGTON,2011,87297.88064749363
SC,LEXINGTON,2012,103146.22034021863
SC,MARION,2006,9408.903998362588
SC,MARION,2007,9964.987515000152
SC,MARION,2008,10709.613206000127
SC,MARION,2009,12469.811415000182
SC,MARION,2010,13003.73062500015
SC,MARION,2011,17111.504944537708
SC,MARION,2012,20638.69509408775
SC,MARLBORO,2006,7514.207664000034
SC,MARLBORO,2007,9656.042758000047
SC,MARLBORO,2008,10426.168831500047
SC,MARLBORO,2009,11245.80916586256
SC,MARLBORO,2010,12734.443190362528
SC,MARLBORO,2011,14338.32675386256
SC,MARLBORO,2012,14564.254630500038
SC,MCCORMICK,2006,596.8604699999997
SC,MCCORMICK,2007,589.0775399999998
SC,MCCORMICK,2008,647.5324049999992
SC,MCCORMICK,2009,776.0746124999994
SC,MCCORMICK,2010,954.8242500000017
SC,MCCORMICK,2011,1189.2686325000022
SC,MCCORMICK,2012,1364.6838075000023
SC,NEWBERRY,2006,4739.850777000022
SC,NEWBERRY,2007,6151.949466500041
SC,NEWBERRY,2008,7100.161433000074
SC,NEWBERRY,2009,8393.926683862583
SC,NEWBERRY,2010,9509.77803386261
SC,NEWBERRY,2011,10890.070218862576
SC,NEWBERRY,2012,11458.420173862596
SC,OCONEE,2006,37000.08193458824
SC,OCONEE,2007,40377.62091766295
SC,OCONEE,2008,43739.52714845033
SC,OCONEE,2009,50823.2021486253
SC,OCONEE,2010,58142.295050024964
SC,OCONEE,2011,58510.85986953737
SC,OCONEE,2012,60204.82278090008
SC,ORANGEBURG,2006,22353.442803225633
SC,ORANGEBURG,2007,24098.801496400785
SC,ORANGEBURG,2008,26707.121126175916
SC,ORANGEBURG,2009,28680.033007501013
SC,ORANGEBURG,2010,30787.60628636328
SC,ORANGEBURG,2011,30876.494966363258
SC,ORANGEBURG,2012,33246.58091726312
SC,PICKENS,2006,34773.88513331362
SC,PICKENS,2007,40924.32382685144
SC,PICKENS,2008,44509.816590101604
SC,PICKENS,2009,56189.717950201426
SC,PICKENS,2010,63833.60366107611
SC,PICKENS,2011,69852.29026518854
SC,PICKENS,2012,70694.60283090132
SC,RICHLAND,2006,43270.16457665367
SC,RICHLAND,2007,52035.753071542
SC,RICHLAND,2008,60292.186626080154
SC,RICHLAND,2009,66408.3903210803
SC,RICHLAND,2010,75351.2907429055
SC,RICHLAND,2011,88014.74190132014
SC,RICHLAND,2012,93646.13811717056
SC,SALUDA,2006,1208.9584680000014
SC,SALUDA,2007,1434.3200055000025
SC,SALUDA,2008,1571.300077999999
SC,SALUDA,2009,1806.8240550000012
SC,SALUDA,2010,1676.7518400000054
SC,SALUDA,2011,1935.4573575000065
SC,SALUDA,2012,2755.254135450015
SC,SPARTANBURG,2006,119718.4159847618
SC,SPARTANBURG,2007,121761.96720627618
SC,SPARTANBURG,2008,129662.94465160296
SC,SPARTANBURG,2009,145677.6211251888
SC,SPARTANBURG,2010,166763.04475475254
SC,SPARTANBURG,2011,180812.4313467929
SC,SPARTANBURG,2012,185512.70349294308
SC,SUMTER,2006,11583.25110017522
SC,SUMTER,2007,14691.711957087764
SC,SUMTER,2008,16369.887674000423
SC,SUMTER,2009,17944.262508862954
SC,SUMTER,2010,19639.197022500583
SC,SUMTER,2011,22424.57430750076
SC,SUMTER,2012,26060.17126522579
SC,UNION,2006,9284.76684600015
SC,UNION,2007,10503.297852500149
SC,UNION,2008,11860.31046158766
SC,UNION,2009,13193.126403862625
SC,UNION,2010,14638.34872136264
SC,UNION,2011,15319.083693862714
SC,UNION,2012,16326.811102500247
SC,WILLIAMSBURG,2006,5731.818802862543
SC,WILLIAMSBURG,2007,5909.8946935000595
SC,WILLIAMSBURG,2008,6356.472369000067
SC,WILLIAMSBURG,2009,7717.1593990876
SC,WILLIAMSBURG,2010,7855.760212500088
SC,WILLIAMSBURG,2011,9585.502920225139
SC,WILLIAMSBURG,2012,8618.199240000089
SC,YORK,2006,26753.481688364187
SC,YORK,2007,31440.219780864576
SC,YORK,2008,33288.98112608974
SC,YORK,2009,39441.012818177085
SC,YORK,2010,52095.17225021533
SC,YORK,2011,52965.03907159031
SC,YORK,2012,56444.171406115274
