BUYER_STATE,BUYER_COUNTY,MONTH,MME
CA,ALAMEDA,1,365857.8600000519
CA,ALAMEDA,2,287520.8600000047
CA,ALAMEDA,3,319290.49000002776
CA,ALAMEDA,4,340821.600000038
CA,ALAMEDA,5,320734.93000002345
CA,ALAMEDA,6,318230.15000002563
CA,ALAMEDA,7,320354.20000002807
CA,ALAMEDA,8,321420.4900000273
CA,ALAMEDA,9,312464.1300000215
CA,ALAMEDA,10,309731.7400000278
CA,ALAMEDA,11,302128.78000001056
CA,ALAMEDA,12,346425.4400000435
CA,ALPINE,1,5.9
CA,ALPINE,2,1.21
CA,ALPINE,3,5.91
CA,ALPINE,7,0.45
CA,ALPINE,11,3.63
CA,ALPINE,12,6.970000000000001
CA,AMADOR,1,13557.000000000215
CA,AMADOR,2,12251.960000000152
CA,AMADOR,3,13593.90000000022
CA,AMADOR,4,12800.46000000014
CA,AMADOR,5,13294.250000000226
CA,AMADOR,6,13397.820000000225
CA,AMADOR,7,13216.29000000017
CA,AMADOR,8,13671.500000000186
CA,AMADOR,9,12988.080000000158
CA,AMADOR,10,13542.920000000224
CA,AMADOR,11,12607.220000000196
CA,AMADOR,12,13542.35000000021
CA,BUTTE,1,102331.61000000266
CA,BUTTE,2,99299.89000000234
CA,BUTTE,3,114251.59000000321
CA,BUTTE,4,104636.34000000243
CA,BUTTE,5,105325.02000000268
CA,BUTTE,6,107835.64000000256
CA,BUTTE,7,108677.44000000328
CA,BUTTE,8,112286.19000000301
CA,BUTTE,9,106339.95000000324
CA,BUTTE,10,111501.2800000029
CA,BUTTE,11,108476.73000000318
CA,BUTTE,12,111735.13000000367
CA,CALAVERAS,1,14180.950000000143
CA,CALAVERAS,2,13780.290000000161
CA,CALAVERAS,3,14964.53000000017
CA,CALAVERAS,4,14200.160000000138
CA,CALAVERAS,5,14277.510000000171
CA,CALAVERAS,6,14652.190000000115
CA,CALAVERAS,7,16230.230000000145
CA,CALAVERAS,8,14602.140000000172
CA,CALAVERAS,9,14944.050000000161
CA,CALAVERAS,10,14835.290000000141
CA,CALAVERAS,11,14519.160000000134
CA,CALAVERAS,12,14891.160000000145
CA,COLUSA,1,4572.300000000028
CA,COLUSA,2,3742.190000000023
CA,COLUSA,3,4585.810000000032
CA,COLUSA,4,4223.540000000025
CA,COLUSA,5,3977.860000000032
CA,COLUSA,6,4581.430000000021
CA,COLUSA,7,4445.15000000003
CA,COLUSA,8,4609.920000000039
CA,COLUSA,9,4480.450000000033
CA,COLUSA,10,4612.510000000026
CA,COLUSA,11,4326.360000000024
CA,COLUSA,12,4335.52000000003
CA,CONTRA COSTA,1,158625.11999999775
CA,CONTRA COSTA,2,149616.04000000024
CA,CONTRA COSTA,3,171726.04999999318
CA,CONTRA COSTA,4,159717.1099999975
CA,CONTRA COSTA,5,165524.98999999603
CA,CONTRA COSTA,6,167683.1699999962
CA,CONTRA COSTA,7,166353.26999999586
CA,CONTRA COSTA,8,169657.12999999605
CA,CONTRA COSTA,9,166118.91999999777
CA,CONTRA COSTA,10,175371.7499999953
CA,CONTRA COSTA,11,167141.49999999607
CA,CONTRA COSTA,12,176988.10999999344
CA,DEL NORTE,1,9817.710000000061
CA,DEL NORTE,2,9094.490000000014
CA,DEL NORTE,3,11182.120000000066
CA,DEL NORTE,4,9887.050000000074
CA,DEL NORTE,5,10674.030000000057
CA,DEL NORTE,6,10561.930000000058
CA,DEL NORTE,7,10364.190000000057
CA,DEL NORTE,8,10856.240000000063
CA,DEL NORTE,9,10350.01000000004
CA,DEL NORTE,10,10566.760000000055
CA,DEL NORTE,11,10623.950000000073
CA,DEL NORTE,12,10838.160000000053
CA,EL DORADO,1,41508.439999999464
CA,EL DORADO,2,38775.1799999994
CA,EL DORADO,3,42947.28999999931
CA,EL DORADO,4,41908.04999999951
CA,EL DORADO,5,41474.38999999955
CA,EL DORADO,6,42587.009999999565
CA,EL DORADO,7,44219.67999999934
CA,EL DORADO,8,43600.71999999914
CA,EL DORADO,9,41080.21999999923
CA,EL DORADO,10,44751.529999999126
CA,EL DORADO,11,42393.08999999929
CA,EL DORADO,12,46573.219999999186
CA,FRESNO,1,147869.4899999998
CA,FRESNO,2,144988.30999999892
CA,FRESNO,3,163925.0599999962
CA,FRESNO,4,152386.7399999995
CA,FRESNO,5,160328.96999999814
CA,FRESNO,6,162942.23999999685
CA,FRESNO,7,165593.659999996
CA,FRESNO,8,165308.0499999967
CA,FRESNO,9,157989.27999999895
CA,FRESNO,10,167281.54999999562
CA,FRESNO,11,162635.38999999702
CA,FRESNO,12,167596.4199999962
CA,GLENN,1,6925.100000000007
CA,GLENN,2,6503.8300000000145
CA,GLENN,3,7364.470000000013
CA,GLENN,4,7089.630000000008
CA,GLENN,5,7367.4800000000005
CA,GLENN,6,7235.820000000013
CA,GLENN,7,7238.510000000012
CA,GLENN,8,7284.899999999998
CA,GLENN,9,6883.440000000014
CA,GLENN,10,7404.9800000000105
CA,GLENN,11,7036.670000000015
CA,GLENN,12,8240.40000000002
CA,HUMBOLDT,1,53169.39999999893
CA,HUMBOLDT,2,52202.759999999034
CA,HUMBOLDT,3,57716.92999999884
CA,HUMBOLDT,4,53655.719999998764
CA,HUMBOLDT,5,54460.48999999866
CA,HUMBOLDT,6,56808.289999998764
CA,HUMBOLDT,7,57556.489999998426
CA,HUMBOLDT,8,57012.179999998785
CA,HUMBOLDT,9,54064.71999999848
CA,HUMBOLDT,10,58446.14999999873
CA,HUMBOLDT,11,54945.95999999891
CA,HUMBOLDT,12,58735.36999999868
CA,IMPERIAL,1,14393.91000000038
CA,IMPERIAL,2,13294.480000000245
CA,IMPERIAL,3,16580.810000000423
CA,IMPERIAL,4,14778.250000000327
CA,IMPERIAL,5,14137.05000000034
CA,IMPERIAL,6,15948.320000000384
CA,IMPERIAL,7,14796.420000000333
CA,IMPERIAL,8,14418.34000000033
CA,IMPERIAL,9,15474.740000000327
CA,IMPERIAL,10,16137.790000000425
CA,IMPERIAL,11,15960.770000000357
CA,IMPERIAL,12,16668.490000000387
CA,INYO,1,3825.9000000000296
CA,INYO,2,3370.060000000017
CA,INYO,3,4189.580000000037
CA,INYO,4,3800.5700000000256
CA,INYO,5,3918.2200000000257
CA,INYO,6,3990.1000000000286
CA,INYO,7,4279.200000000021
CA,INYO,8,3710.530000000025
CA,INYO,9,3891.8200000000315
CA,INYO,10,4335.580000000035
CA,INYO,11,3998.4100000000294
CA,INYO,12,4139.330000000029
CA,KERN,1,115574.97000000149
CA,KERN,2,110969.39000000009
CA,KERN,3,128499.24000000143
CA,KERN,4,119344.01000000158
CA,KERN,5,120712.40000000104
CA,KERN,6,125519.75000000103
CA,KERN,7,126408.18000000123
CA,KERN,8,120885.1400000008
CA,KERN,9,121919.74000000095
CA,KERN,10,132062.5400000014
CA,KERN,11,123905.28000000131
CA,KERN,12,132532.01000000213
CA,KINGS,1,16673.98000000042
CA,KINGS,2,16414.37000000043
CA,KINGS,3,18643.040000000336
CA,KINGS,4,17685.880000000394
CA,KINGS,5,17961.80000000035
CA,KINGS,6,18334.42000000028
CA,KINGS,7,19279.980000000265
CA,KINGS,8,19160.71000000031
CA,KINGS,9,17857.61000000041
CA,KINGS,10,19590.910000000255
CA,KINGS,11,18453.250000000317
CA,KINGS,12,20170.14000000018
CA,LAKE,1,38401.92999999947
CA,LAKE,2,38203.84999999958
CA,LAKE,3,40292.02999999951
CA,LAKE,4,37393.42999999952
CA,LAKE,5,38737.51999999944
CA,LAKE,6,42477.35999999956
CA,LAKE,7,38425.05999999961
CA,LAKE,8,42398.019999999546
CA,LAKE,9,39069.43999999969
CA,LAKE,10,38812.329999999485
CA,LAKE,11,40802.779999999584
CA,LAKE,12,42027.31999999956
CA,LASSEN,1,15678.220000000147
CA,LASSEN,2,15079.640000000118
CA,LASSEN,3,18207.770000000106
CA,LASSEN,4,16045.640000000132
CA,LASSEN,5,16737.77000000012
CA,LASSEN,6,17827.120000000075
CA,LASSEN,7,17579.13000000013
CA,LASSEN,8,17187.71000000014
CA,LASSEN,9,17326.6000000001
CA,LASSEN,10,17715.71000000007
CA,LASSEN,11,16812.340000000106
CA,LASSEN,12,17817.270000000088
CA,LOS ANGELES,1,934214.9200004109
CA,LOS ANGELES,2,895758.9000004048
CA,LOS ANGELES,3,1016002.1600004683
CA,LOS ANGELES,4,950829.1600004737
CA,LOS ANGELES,5,965168.6600004496
CA,LOS ANGELES,6,1013003.5800004634
CA,LOS ANGELES,7,985297.2000004511
CA,LOS ANGELES,8,973349.170000461
CA,LOS ANGELES,9,945943.2900004381
CA,LOS ANGELES,10,1017740.7400004365
CA,LOS ANGELES,11,960225.3100004394
CA,LOS ANGELES,12,1033701.9100004452
CA,MADERA,1,19374.840000000164
CA,MADERA,2,18094.04000000036
CA,MADERA,3,21978.700000000063
CA,MADERA,4,20042.96000000011
CA,MADERA,5,19661.42000000016
CA,MADERA,6,20782.82000000006
CA,MADERA,7,21038.190000000144
CA,MADERA,8,21265.950000000095
CA,MADERA,9,20458.750000000124
CA,MADERA,10,21522.580000000067
CA,MADERA,11,19501.820000000196
CA,MADERA,12,21788.24000000004
CA,MARIN,1,43868.54999999903
CA,MARIN,2,42567.15999999919
CA,MARIN,3,47380.99999999907
CA,MARIN,4,45585.33999999891
CA,MARIN,5,46450.08999999898
CA,MARIN,6,47452.699999999044
CA,MARIN,7,46064.24999999907
CA,MARIN,8,46742.76999999912
CA,MARIN,9,43324.06999999914
CA,MARIN,10,47516.95999999919
CA,MARIN,11,45365.95999999895
CA,MARIN,12,48373.859999998785
CA,MARIPOSA,1,2324.4000000000005
CA,MARIPOSA,2,2183.1200000000017
CA,MARIPOSA,3,2701.6600000000076
CA,MARIPOSA,4,2370.2300000000023
CA,MARIPOSA,5,2507.270000000004
CA,MARIPOSA,6,2536.4000000000033
CA,MARIPOSA,7,2726.4100000000058
CA,MARIPOSA,8,2721.470000000006
CA,MARIPOSA,9,2402.3600000000047
CA,MARIPOSA,10,2568.670000000006
CA,MARIPOSA,11,2556.590000000007
CA,MARIPOSA,12,2710.3500000000063
CA,MENDOCINO,1,30456.369999999515
CA,MENDOCINO,2,29444.179999999615
CA,MENDOCINO,3,31236.239999999485
CA,MENDOCINO,4,30545.209999999402
CA,MENDOCINO,5,32650.41999999939
CA,MENDOCINO,6,32638.709999999355
CA,MENDOCINO,7,32010.119999999402
CA,MENDOCINO,8,32230.069999999352
CA,MENDOCINO,9,30874.089999999404
CA,MENDOCINO,10,32108.23999999931
CA,MENDOCINO,11,30986.229999999436
CA,MENDOCINO,12,33442.41999999944
CA,MERCED,1,35071.69999999931
CA,MERCED,2,34300.21999999936
CA,MERCED,3,40518.379999999204
CA,MERCED,4,37223.04999999915
CA,MERCED,5,37168.00999999907
CA,MERCED,6,38149.609999999346
CA,MERCED,7,38792.01999999905
CA,MERCED,8,38710.169999998994
CA,MERCED,9,38155.71999999912
CA,MERCED,10,41761.74999999896
CA,MERCED,11,38725.64999999907
CA,MERCED,12,42236.309999998855
CA,MODOC,1,3169.2700000000027
CA,MODOC,2,2906.6800000000035
CA,MODOC,3,2498.4500000000003
CA,MODOC,4,2758.6199999999994
CA,MODOC,5,3082.1800000000057
CA,MODOC,6,2864.150000000008
CA,MODOC,7,3023.8800000000047
CA,MODOC,8,3023.9700000000066
CA,MODOC,9,3077.9700000000043
CA,MODOC,10,3007.3000000000106
CA,MODOC,11,2992.340000000007
CA,MODOC,12,3030.0000000000045
CA,MONO,1,992.35
CA,MONO,2,946.5600000000005
CA,MONO,3,1039.9999999999993
CA,MONO,4,901.1999999999999
CA,MONO,5,734.3499999999998
CA,MONO,6,845.4599999999998
CA,MONO,7,851.4300000000003
CA,MONO,8,923.7500000000007
CA,MONO,9,852.76
CA,MONO,10,768.0100000000001
CA,MONO,11,823.6700000000002
CA,MONO,12,1009.4999999999999
CA,MONTEREY,1,67874.58999999886
CA,MONTEREY,2,64027.39999999897
CA,MONTEREY,3,71353.47999999914
CA,MONTEREY,4,69708.91999999926
CA,MONTEREY,5,70193.68999999939
CA,MONTEREY,6,72356.76999999947
CA,MONTEREY,7,73476.75999999956
CA,MONTEREY,8,74445.0699999994
CA,MONTEREY,9,72272.54999999907
CA,MONTEREY,10,75763.53999999931
CA,MONTEREY,11,70969.88999999934
CA,MONTEREY,12,77114.8899999996
CA,NAPA,1,21250.249999999854
CA,NAPA,2,20863.499999999764
CA,NAPA,3,22474.92999999969
CA,NAPA,4,21923.989999999714
CA,NAPA,5,22497.729999999763
CA,NAPA,6,22897.559999999743
CA,NAPA,7,22767.549999999737
CA,NAPA,8,23709.49999999967
CA,NAPA,9,22333.269999999735
CA,NAPA,10,23394.169999999605
CA,NAPA,11,22132.50999999961
CA,NAPA,12,23050.99999999967
CA,NEVADA,1,33130.47999999946
CA,NEVADA,2,29563.41999999952
CA,NEVADA,3,33566.73999999944
CA,NEVADA,4,30794.749999999494
CA,NEVADA,5,31612.459999999388
CA,NEVADA,6,31412.7599999994
CA,NEVADA,7,32889.029999999395
CA,NEVADA,8,32610.43999999931
CA,NEVADA,9,31056.69999999952
CA,NEVADA,10,32903.11999999924
CA,NEVADA,11,30745.279999999428
CA,NEVADA,12,33589.559999999314
CA,ORANGE,1,376404.770000115
CA,ORANGE,2,365668.78000009776
CA,ORANGE,3,409850.75000015943
CA,ORANGE,4,389471.5500001313
CA,ORANGE,5,394021.51000013266
CA,ORANGE,6,418814.6500001601
CA,ORANGE,7,402236.560000144
CA,ORANGE,8,401739.63000014075
CA,ORANGE,9,387782.09000013047
CA,ORANGE,10,411363.2200001591
CA,ORANGE,11,397465.41000014474
CA,ORANGE,12,422258.2200001645
CA,PLACER,1,99420.96000000247
CA,PLACER,2,94907.05000000194
CA,PLACER,3,104388.46000000188
CA,PLACER,4,97759.68000000229
CA,PLACER,5,98565.8900000024
CA,PLACER,6,103978.48000000308
CA,PLACER,7,100747.07000000183
CA,PLACER,8,101992.46000000295
CA,PLACER,9,98253.13000000226
CA,PLACER,10,103016.9400000025
CA,PLACER,11,102827.97000000211
CA,PLACER,12,103896.02000000227
CA,PLUMAS,1,7631.059999999996
CA,PLUMAS,2,7775.420000000015
CA,PLUMAS,3,7975.410000000025
CA,PLUMAS,4,7368.330000000007
CA,PLUMAS,5,7447.910000000023
CA,PLUMAS,6,8028.290000000013
CA,PLUMAS,7,8202.409999999998
CA,PLUMAS,8,8082.960000000001
CA,PLUMAS,9,7369.8300000000245
CA,PLUMAS,10,8418.19000000001
CA,PLUMAS,11,7470.520000000012
CA,PLUMAS,12,7619.000000000004
CA,RIVERSIDE,1,274508.45999999245
CA,RIVERSIDE,2,269506.4799999845
CA,RIVERSIDE,3,305582.40000002267
CA,RIVERSIDE,4,283595.3899999981
CA,RIVERSIDE,5,289490.5300000046
CA,RIVERSIDE,6,296219.69000001636
CA,RIVERSIDE,7,291031.2900000103
CA,RIVERSIDE,8,286739.9000000031
CA,RIVERSIDE,9,289849.28000001
CA,RIVERSIDE,10,314108.5000000394
CA,RIVERSIDE,11,297079.32000002085
CA,RIVERSIDE,12,318022.5200000419
CA,SACRAMENTO,1,289354.73000000155
CA,SACRAMENTO,2,274861.2799999919
CA,SACRAMENTO,3,309181.0300000186
CA,SACRAMENTO,4,289791.0800000083
CA,SACRAMENTO,5,297395.6500000084
CA,SACRAMENTO,6,304939.9800000168
CA,SACRAMENTO,7,305277.1300000142
CA,SACRAMENTO,8,304782.11000001227
CA,SACRAMENTO,9,294306.39000000636
CA,SACRAMENTO,10,311342.6000000232
CA,SACRAMENTO,11,297791.7800000102
CA,SACRAMENTO,12,312830.2700000242
CA,SAN BENITO,1,7558.440000000015
CA,SAN BENITO,2,7674.210000000025
CA,SAN BENITO,3,7727.290000000005
CA,SAN BENITO,4,7834.200000000012
CA,SAN BENITO,5,7742.610000000035
CA,SAN BENITO,6,8486.790000000032
CA,SAN BENITO,7,8183.070000000007
CA,SAN BENITO,8,8572.460000000021
CA,SAN BENITO,9,7999.910000000007
CA,SAN BENITO,10,7610.690000000011
CA,SAN BENITO,11,8421.95000000002
CA,SAN BENITO,12,8149.690000000004
CA,SAN BERNARDINO,1,262376.2899999715
CA,SAN BERNARDINO,2,252434.8499999745
CA,SAN BERNARDINO,3,287969.17999999796
CA,SAN BERNARDINO,4,266630.47999997984
CA,SAN BERNARDINO,5,277636.2899999883
CA,SAN BERNARDINO,6,287593.8200000001
CA,SAN BERNARDINO,7,279144.78999998985
CA,SAN BERNARDINO,8,280628.59999999445
CA,SAN BERNARDINO,9,275316.5599999865
CA,SAN BERNARDINO,10,293025.2000000103
CA,SAN BERNARDINO,11,280436.48999999446
CA,SAN BERNARDINO,12,300906.8400000136
CA,SAN DIEGO,1,449741.64000016183
CA,SAN DIEGO,2,421640.2600001405
CA,SAN DIEGO,3,477003.93000019126
CA,SAN DIEGO,4,457589.9800001746
CA,SAN DIEGO,5,460505.44000017905
CA,SAN DIEGO,6,478816.2900001941
CA,SAN DIEGO,7,478499.63000019256
CA,SAN DIEGO,8,455936.91000017885
CA,SAN DIEGO,9,469246.86000018107
CA,SAN DIEGO,10,494618.13000021316
CA,SAN DIEGO,11,474990.1600001884
CA,SAN DIEGO,12,507277.44000022276
CA,SAN FRANCISCO,1,132366.32999999725
CA,SAN FRANCISCO,2,161395.84999999584
CA,SAN FRANCISCO,3,142072.0299999954
CA,SAN FRANCISCO,4,129747.79999999759
CA,SAN FRANCISCO,5,142323.4299999965
CA,SAN FRANCISCO,6,135653.42999999688
CA,SAN FRANCISCO,7,139123.8199999973
CA,SAN FRANCISCO,8,141846.18999999572
CA,SAN FRANCISCO,9,135437.90999999738
CA,SAN FRANCISCO,10,141952.4799999958
CA,SAN FRANCISCO,11,141031.22999999888
CA,SAN FRANCISCO,12,148574.62999999683
CA,SAN JOAQUIN,1,108340.55000000111
CA,SAN JOAQUIN,2,102582.41000000093
CA,SAN JOAQUIN,3,117906.9100000024
CA,SAN JOAQUIN,4,108812.04000000072
CA,SAN JOAQUIN,5,112198.17000000113
CA,SAN JOAQUIN,6,114685.31000000166
CA,SAN JOAQUIN,7,115218.55000000236
CA,SAN JOAQUIN,8,116636.39000000214
CA,SAN JOAQUIN,9,112382.90000000145
CA,SAN JOAQUIN,10,119838.73000000218
CA,SAN JOAQUIN,11,117875.32000000191
CA,SAN JOAQUIN,12,122580.43000000263
CA,SAN LUIS OBISPO,1,61497.019999999
CA,SAN LUIS OBISPO,2,58689.589999998825
CA,SAN LUIS OBISPO,3,64517.74999999847
CA,SAN LUIS OBISPO,4,62019.59999999877
CA,SAN LUIS OBISPO,5,64241.70999999828
CA,SAN LUIS OBISPO,6,64119.83999999872
CA,SAN LUIS OBISPO,7,65645.1399999986
CA,SAN LUIS OBISPO,8,63298.209999998835
CA,SAN LUIS OBISPO,9,64747.12999999858
CA,SAN LUIS OBISPO,10,67384.73999999846
CA,SAN LUIS OBISPO,11,65615.67999999873
CA,SAN LUIS OBISPO,12,67663.46999999898
CA,SAN MATEO,1,72590.9699999984
CA,SAN MATEO,2,73259.00999999781
CA,SAN MATEO,3,83184.95999999845
CA,SAN MATEO,4,77263.55999999862
CA,SAN MATEO,5,79908.81999999828
CA,SAN MATEO,6,81119.58999999856
CA,SAN MATEO,7,81122.14999999896
CA,SAN MATEO,8,83878.20999999803
CA,SAN MATEO,9,81764.48999999806
CA,SAN MATEO,10,85632.01999999858
CA,SAN MATEO,11,86862.85999999885
CA,SAN MATEO,12,87837.84999999855
CA,SANTA BARBARA,1,75546.55999999912
CA,SANTA BARBARA,2,77102.81999999902
CA,SANTA BARBARA,3,82882.83999999924
CA,SANTA BARBARA,4,75125.95999999827
CA,SANTA BARBARA,5,78200.7799999991
CA,SANTA BARBARA,6,83036.21999999936
CA,SANTA BARBARA,7,79817.06999999899
CA,SANTA BARBARA,8,78418.35999999917
CA,SANTA BARBARA,9,78264.60999999929
CA,SANTA BARBARA,10,82460.86999999995
CA,SANTA BARBARA,11,80062.4399999991
CA,SANTA BARBARA,12,84484.90999999942
CA,SANTA CLARA,1,121430.0799999966
CA,SANTA CLARA,2,118156.03999999595
CA,SANTA CLARA,3,132338.95999999595
CA,SANTA CLARA,4,127425.42999999656
CA,SANTA CLARA,5,129191.11999999717
CA,SANTA CLARA,6,129902.53999999641
CA,SANTA CLARA,7,132150.49999999625
CA,SANTA CLARA,8,133924.79999999586
CA,SANTA CLARA,9,128752.23999999705
CA,SANTA CLARA,10,137838.2999999959
CA,SANTA CLARA,11,132432.69999999725
CA,SANTA CLARA,12,138660.98999999664
CA,SANTA CRUZ,1,45201.74999999919
CA,SANTA CRUZ,2,43803.48999999897
CA,SANTA CRUZ,3,49836.179999998916
CA,SANTA CRUZ,4,45268.899999999056
CA,SANTA CRUZ,5,46149.749999999156
CA,SANTA CRUZ,6,48554.27999999896
CA,SANTA CRUZ,7,49608.81999999912
CA,SANTA CRUZ,8,49471.44999999901
CA,SANTA CRUZ,9,46423.3499999989
CA,SANTA CRUZ,10,51292.32999999875
CA,SANTA CRUZ,11,48371.019999998694
CA,SANTA CRUZ,12,51944.93999999917
CA,SHASTA,1,76271.76000000078
CA,SHASTA,2,73356.43000000039
CA,SHASTA,3,83067.76000000136
CA,SHASTA,4,76725.880000001
CA,SHASTA,5,78893.47000000162
CA,SHASTA,6,80404.28000000086
CA,SHASTA,7,81262.14000000105
CA,SHASTA,8,81600.46000000097
CA,SHASTA,9,78710.70000000075
CA,SHASTA,10,83463.8300000016
CA,SHASTA,11,79933.92000000122
CA,SHASTA,12,84680.11000000197
CA,SIERRA,1,436.3899999999992
CA,SIERRA,2,409.8699999999991
CA,SIERRA,3,458.25999999999937
CA,SIERRA,4,400.24999999999915
CA,SIERRA,5,434.02999999999895
CA,SIERRA,6,429.209999999999
CA,SIERRA,7,391.20999999999924
CA,SIERRA,8,403.3599999999994
CA,SIERRA,9,449.85999999999893
CA,SIERRA,10,474.3099999999991
CA,SIERRA,11,469.67999999999904
CA,SIERRA,12,458.91999999999894
CA,SISKIYOU,1,15548.080000000264
CA,SISKIYOU,2,14081.24000000019
CA,SISKIYOU,3,15885.750000000246
CA,SISKIYOU,4,14947.700000000244
CA,SISKIYOU,5,15553.180000000237
CA,SISKIYOU,6,16128.41000000019
CA,SISKIYOU,7,15782.010000000248
CA,SISKIYOU,8,16563.850000000173
CA,SISKIYOU,9,15064.130000000196
CA,SISKIYOU,10,17070.710000000236
CA,SISKIYOU,11,16724.25000000023
CA,SISKIYOU,12,16577.470000000216
CA,SOLANO,1,64609.329999999034
CA,SOLANO,2,64009.349999999016
CA,SOLANO,3,70699.47999999933
CA,SOLANO,4,68184.99999999923
CA,SOLANO,5,69294.89999999906
CA,SOLANO,6,70371.42999999953
CA,SOLANO,7,69659.82999999922
CA,SOLANO,8,72046.14999999931
CA,SOLANO,9,70475.54999999906
CA,SOLANO,10,72126.99999999898
CA,SOLANO,11,71116.39999999934
CA,SOLANO,12,76043.16000000048
CA,SONOMA,1,103757.02000000334
CA,SONOMA,2,101395.71000000299
CA,SONOMA,3,110957.23000000439
CA,SONOMA,4,103241.52000000361
CA,SONOMA,5,109027.93000000484
CA,SONOMA,6,110398.85000000425
CA,SONOMA,7,111849.95000000494
CA,SONOMA,8,110326.76000000443
CA,SONOMA,9,107346.28000000386
CA,SONOMA,10,114832.17000000447
CA,SONOMA,11,109152.74000000444
CA,SONOMA,12,115768.41000000537
CA,STANISLAUS,1,167477.63999999737
CA,STANISLAUS,2,156545.65999999893
CA,STANISLAUS,3,179669.15999999378
CA,STANISLAUS,4,166678.22999999812
CA,STANISLAUS,5,172904.69999999696
CA,STANISLAUS,6,169396.13999999707
CA,STANISLAUS,7,177033.3699999953
CA,STANISLAUS,8,175436.55999999723
CA,STANISLAUS,9,169702.35999999437
CA,STANISLAUS,10,177371.24999999598
CA,STANISLAUS,11,173318.33999999586
CA,STANISLAUS,12,185828.92999999414
CA,SUTTER,1,38616.80999999945
CA,SUTTER,2,36541.4899999993
CA,SUTTER,3,42614.37999999921
CA,SUTTER,4,40287.4799999996
CA,SUTTER,5,41252.31999999914
CA,SUTTER,6,40744.47999999951
CA,SUTTER,7,42019.1599999994
CA,SUTTER,8,42019.079999999136
CA,SUTTER,9,40267.02999999956
CA,SUTTER,10,42613.699999999466
CA,SUTTER,11,41542.249999999345
CA,SUTTER,12,43635.60999999946
CA,TEHAMA,1,19507.600000000053
CA,TEHAMA,2,18097.66000000012
CA,TEHAMA,3,21102.990000000016
CA,TEHAMA,4,19431.37000000008
CA,TEHAMA,5,20128.130000000074
CA,TEHAMA,6,19484.800000000138
CA,TEHAMA,7,21062.93000000001
CA,TEHAMA,8,19791.250000000047
CA,TEHAMA,9,20128.880000000067
CA,TEHAMA,10,20527.339999999982
CA,TEHAMA,11,20530.799999999974
CA,TEHAMA,12,22049.80999999996
CA,TRINITY,1,4349.11000000002
CA,TRINITY,2,4032.1000000000254
CA,TRINITY,3,4482.930000000019
CA,TRINITY,4,4140.250000000028
CA,TRINITY,5,4605.560000000015
CA,TRINITY,6,4627.580000000021
CA,TRINITY,7,4444.830000000024
CA,TRINITY,8,4823.350000000023
CA,TRINITY,9,4466.700000000021
CA,TRINITY,10,4510.7400000000225
CA,TRINITY,11,4551.690000000023
CA,TRINITY,12,4525.4900000000225
CA,TULARE,1,63366.19999999859
CA,TULARE,2,63349.88999999862
CA,TULARE,3,71529.78999999886
CA,TULARE,4,66940.67999999887
CA,TULARE,5,69342.93999999878
CA,TULARE,6,70043.53999999899
CA,TULARE,7,70720.60999999907
CA,TULARE,8,71482.40999999898
CA,TULARE,9,68687.3599999989
CA,TULARE,10,73531.95999999873
CA,TULARE,11,68729.90999999881
CA,TULARE,12,76545.9399999994
CA,TUOLUMNE,1,27595.79999999954
CA,TUOLUMNE,2,25541.03999999965
CA,TUOLUMNE,3,28674.539999999422
CA,TUOLUMNE,4,27360.809999999557
CA,TUOLUMNE,5,26084.53999999957
CA,TUOLUMNE,6,28767.409999999472
CA,TUOLUMNE,7,27750.939999999573
CA,TUOLUMNE,8,27064.69999999946
CA,TUOLUMNE,9,26692.149999999703
CA,TUOLUMNE,10,29561.229999999472
CA,TUOLUMNE,11,26677.169999999674
CA,TUOLUMNE,12,27500.479999999476
CA,VENTURA,1,115616.18000000095
CA,VENTURA,2,109426.85000000118
CA,VENTURA,3,123435.95000000208
CA,VENTURA,4,114945.1500000011
CA,VENTURA,5,119589.59000000157
CA,VENTURA,6,123173.99000000226
CA,VENTURA,7,120579.74000000206
CA,VENTURA,8,117941.34000000135
CA,VENTURA,9,118131.60000000258
CA,VENTURA,10,123701.96000000203
CA,VENTURA,11,120850.73000000212
CA,VENTURA,12,129636.43000000238
CA,YOLO,1,25738.89999999965
CA,YOLO,2,24198.5199999997
CA,YOLO,3,28473.97999999934
CA,YOLO,4,25874.55999999956
CA,YOLO,5,27705.929999999502
CA,YOLO,6,27234.509999999387
CA,YOLO,7,27322.789999999437
CA,YOLO,8,27313.159999999334
CA,YOLO,9,26219.589999999625
CA,YOLO,10,28339.61999999941
CA,YOLO,11,27289.859999999488
CA,YOLO,12,27975.45999999949
CA,YUBA,1,20107.31000000006
CA,YUBA,2,19623.75000000008
CA,YUBA,3,22088.800000000007
CA,YUBA,4,20619.120000000185
CA,YUBA,5,21227.93000000014
CA,YUBA,6,20952.84000000016
CA,YUBA,7,21232.310000000067
CA,YUBA,8,21589.97000000006
CA,YUBA,9,20689.410000000054
CA,YUBA,10,21152.430000000055
CA,YUBA,11,21026.0700000001
CA,YUBA,12,22548.870000000003
CO,ADAMS,1,59018.489999996666
CO,ADAMS,2,59129.699999997014
CO,ADAMS,3,68152.51999999656
CO,ADAMS,4,64270.99999999634
CO,ADAMS,5,66875.52999999617
CO,ADAMS,6,68076.5899999965
CO,ADAMS,7,68120.84999999651
CO,ADAMS,8,72005.77999999678
CO,ADAMS,9,68462.17999999686
CO,ADAMS,10,70204.95999999641
CO,ADAMS,11,68567.39999999707
CO,ADAMS,12,70403.22999999745
CO,ALAMOSA,1,7119.640000000018
CO,ALAMOSA,2,6550.190000000029
CO,ALAMOSA,3,7165.450000000011
CO,ALAMOSA,4,7469.690000000024
CO,ALAMOSA,5,7482.800000000021
CO,ALAMOSA,6,7978.310000000015
CO,ALAMOSA,7,7480.940000000012
CO,ALAMOSA,8,7717.290000000017
CO,ALAMOSA,9,7655.190000000011
CO,ALAMOSA,10,8704.120000000044
CO,ALAMOSA,11,7565.230000000027
CO,ALAMOSA,12,7414.670000000034
CO,ARAPAHOE,1,76446.41999999614
CO,ARAPAHOE,2,75767.78999999567
CO,ARAPAHOE,3,86541.61999999607
CO,ARAPAHOE,4,81528.6899999968
CO,ARAPAHOE,5,83758.35999999585
CO,ARAPAHOE,6,85317.7699999972
CO,ARAPAHOE,7,85774.74999999724
CO,ARAPAHOE,8,91310.3799999972
CO,ARAPAHOE,9,84976.03999999647
CO,ARAPAHOE,10,91237.0599999967
CO,ARAPAHOE,11,86617.57999999663
CO,ARAPAHOE,12,88279.07999999692
CO,ARCHULETA,1,880.59
CO,ARCHULETA,2,846.6699999999996
CO,ARCHULETA,3,901.3400000000005
CO,ARCHULETA,4,939.0000000000002
CO,ARCHULETA,5,872.6399999999998
CO,ARCHULETA,6,1010.0599999999991
CO,ARCHULETA,7,994.1299999999997
CO,ARCHULETA,8,1036.8900000000003
CO,ARCHULETA,9,962.2700000000006
CO,ARCHULETA,10,1030.0100000000002
CO,ARCHULETA,11,932.0000000000005
CO,ARCHULETA,12,992.7300000000001
CO,BACA,1,439.21999999999974
CO,BACA,2,399.66999999999985
CO,BACA,3,509.0299999999998
CO,BACA,4,447.6899999999995
CO,BACA,5,392.6099999999998
CO,BACA,6,478.1999999999996
CO,BACA,7,401.7200000000001
CO,BACA,8,534.2299999999997
CO,BACA,9,425.7599999999999
CO,BACA,10,476.16999999999956
CO,BACA,11,502.30999999999983
CO,BACA,12,476.1199999999998
CO,BENT,1,733.8499999999997
CO,BENT,2,623.6299999999992
CO,BENT,3,689.6899999999999
CO,BENT,4,808.1700000000003
CO,BENT,5,740.8999999999991
CO,BENT,6,814.7999999999998
CO,BENT,7,768.6800000000001
CO,BENT,8,821.5599999999996
CO,BENT,9,752.8899999999993
CO,BENT,10,768.2699999999994
CO,BENT,11,733.6599999999994
CO,BENT,12,757.0299999999996
CO,BOULDER,1,52974.1799999979
CO,BOULDER,2,52412.749999997955
CO,BOULDER,3,60130.22999999761
CO,BOULDER,4,56562.1499999978
CO,BOULDER,5,58740.17999999758
CO,BOULDER,6,60227.679999997395
CO,BOULDER,7,60303.759999997426
CO,BOULDER,8,60704.67999999732
CO,BOULDER,9,59767.30999999743
CO,BOULDER,10,60946.039999997105
CO,BOULDER,11,58578.3499999975
CO,BOULDER,12,60643.36999999759
CO,BROOMFIELD,1,10681.210000000101
CO,BROOMFIELD,2,10888.40000000012
CO,BROOMFIELD,3,12610.120000000228
CO,BROOMFIELD,4,11788.290000000141
CO,BROOMFIELD,5,11952.360000000173
CO,BROOMFIELD,6,12045.020000000128
CO,BROOMFIELD,7,12723.530000000199
CO,BROOMFIELD,8,12962.720000000138
CO,BROOMFIELD,9,12227.360000000215
CO,BROOMFIELD,10,12855.600000000246
CO,BROOMFIELD,11,12900.950000000192
CO,BROOMFIELD,12,13546.800000000221
CO,CHAFFEE,1,4227.2500000000355
CO,CHAFFEE,2,3660.2200000000325
CO,CHAFFEE,3,4094.960000000047
CO,CHAFFEE,4,4057.9000000000365
CO,CHAFFEE,5,4377.590000000041
CO,CHAFFEE,6,4197.32000000005
CO,CHAFFEE,7,4435.430000000047
CO,CHAFFEE,8,4637.870000000037
CO,CHAFFEE,9,4670.840000000038
CO,CHAFFEE,10,4843.1100000000515
CO,CHAFFEE,11,4136.900000000049
CO,CHAFFEE,12,4283.780000000045
CO,CHEYENNE,1,204.33999999999995
CO,CHEYENNE,2,140.60000000000002
CO,CHEYENNE,3,158.22
CO,CHEYENNE,4,207.24
CO,CHEYENNE,5,190.86999999999998
CO,CHEYENNE,6,199.74000000000007
CO,CHEYENNE,7,217.89999999999995
CO,CHEYENNE,8,191.49999999999997
CO,CHEYENNE,9,210.12
CO,CHEYENNE,10,193.96
CO,CHEYENNE,11,187.0
CO,CHEYENNE,12,210.77000000000007
CO,CLEAR CREEK,1,1568.4599999999982
CO,CLEAR CREEK,2,1241.0699999999988
CO,CLEAR CREEK,3,1330.9699999999987
CO,CLEAR CREEK,4,1422.4899999999966
CO,CLEAR CREEK,5,1500.8499999999972
CO,CLEAR CREEK,6,1488.7899999999952
CO,CLEAR CREEK,7,1588.179999999999
CO,CLEAR CREEK,8,1417.5399999999966
CO,CLEAR CREEK,9,1456.2599999999984
CO,CLEAR CREEK,10,1492.789999999998
CO,CLEAR CREEK,11,1453.6699999999967
CO,CLEAR CREEK,12,1378.039999999998
CO,CONEJOS,1,1472.5999999999972
CO,CONEJOS,2,1313.7799999999988
CO,CONEJOS,3,1359.4899999999973
CO,CONEJOS,4,1281.9599999999984
CO,CONEJOS,5,1331.6599999999987
CO,CONEJOS,6,1469.2299999999977
CO,CONEJOS,7,1312.419999999997
CO,CONEJOS,8,1439.2199999999968
CO,CONEJOS,9,1379.3299999999977
CO,CONEJOS,10,1526.8099999999972
CO,CONEJOS,11,1396.5599999999974
CO,CONEJOS,12,1487.7699999999973
CO,CROWLEY,1,822.9199999999998
CO,CROWLEY,2,889.0299999999995
CO,CROWLEY,3,1053.1299999999992
CO,CROWLEY,4,764.2100000000003
CO,CROWLEY,5,935.3599999999994
CO,CROWLEY,6,942.2800000000007
CO,CROWLEY,7,978.5200000000002
CO,CROWLEY,8,878.2300000000012
CO,CROWLEY,9,917.3299999999996
CO,CROWLEY,10,933.1300000000009
CO,CROWLEY,11,878.7300000000005
CO,CROWLEY,12,911.6700000000003
CO,CUSTER,1,1.21
CO,CUSTER,2,0.6
CO,CUSTER,3,1.21
CO,CUSTER,4,0.8999999999999999
CO,CUSTER,5,1.51
CO,CUSTER,6,1.51
CO,CUSTER,7,0.9099999999999999
CO,CUSTER,8,0.8999999999999999
CO,CUSTER,9,1.51
CO,CUSTER,10,0.9099999999999999
CO,CUSTER,11,2.42
CO,CUSTER,12,0.6
CO,DELTA,1,7259.520000000019
CO,DELTA,2,7328.070000000013
CO,DELTA,3,7514.050000000016
CO,DELTA,4,7216.440000000012
CO,DELTA,5,6996.270000000004
CO,DELTA,6,7366.7200000000075
CO,DELTA,7,7209.900000000002
CO,DELTA,8,7373.46999999999
CO,DELTA,9,7546.310000000007
CO,DELTA,10,7931.310000000014
CO,DELTA,11,6992.63000000001
CO,DELTA,12,7687.579999999997
CO,DENVER,1,58300.13999999591
CO,DENVER,2,56443.65999999693
CO,DENVER,3,63632.85999999565
CO,DENVER,4,60180.389999995954
CO,DENVER,5,64148.17999999567
CO,DENVER,6,66901.94999999569
CO,DENVER,7,64560.81999999607
CO,DENVER,8,67823.0099999958
CO,DENVER,9,63974.04999999572
CO,DENVER,10,66358.57999999507
CO,DENVER,11,64546.909999995616
CO,DENVER,12,65426.029999995415
CO,DOUGLAS,1,30933.359999998986
CO,DOUGLAS,2,29809.83999999919
CO,DOUGLAS,3,35276.65999999848
CO,DOUGLAS,4,31944.319999998952
CO,DOUGLAS,5,34447.75999999868
CO,DOUGLAS,6,34381.59999999862
CO,DOUGLAS,7,34096.33999999866
CO,DOUGLAS,8,36117.01999999855
CO,DOUGLAS,9,33959.299999998555
CO,DOUGLAS,10,36396.44999999844
CO,DOUGLAS,11,34410.82999999861
CO,DOUGLAS,12,36432.52999999827
CO,EAGLE,1,6720.320000000012
CO,EAGLE,2,6528.530000000023
CO,EAGLE,3,7805.410000000008
CO,EAGLE,4,6415.1800000000085
CO,EAGLE,5,5696.750000000033
CO,EAGLE,6,6059.090000000026
CO,EAGLE,7,6106.99000000003
CO,EAGLE,8,6332.2300000000305
CO,EAGLE,9,6191.200000000023
CO,EAGLE,10,6216.270000000027
CO,EAGLE,11,6398.730000000002
CO,EAGLE,12,7559.939999999997
CO,EL PASO,1,92680.6699999991
CO,EL PASO,2,91577.42999999918
CO,EL PASO,3,102129.77999999971
CO,EL PASO,4,96086.47999999915
CO,EL PASO,5,101368.3500000009
CO,EL PASO,6,102660.59999999973
CO,EL PASO,7,101774.4399999995
CO,EL PASO,8,105817.36999999941
CO,EL PASO,9,104508.33000000038
CO,EL PASO,10,106918.7899999998
CO,EL PASO,11,104600.58999999934
CO,EL PASO,12,106035.31000000014
CO,ELBERT,1,1549.7099999999994
CO,ELBERT,2,1747.7099999999969
CO,ELBERT,3,1997.6499999999953
CO,ELBERT,4,1541.1199999999985
CO,ELBERT,5,1665.6599999999985
CO,ELBERT,6,1720.889999999997
CO,ELBERT,7,1744.2899999999993
CO,ELBERT,8,1881.929999999999
CO,ELBERT,9,1864.4999999999973
CO,ELBERT,10,1742.809999999999
CO,ELBERT,11,1805.6999999999973
CO,ELBERT,12,1772.369999999996
CO,FREMONT,1,9873.970000000087
CO,FREMONT,2,9652.440000000064
CO,FREMONT,3,10558.770000000111
CO,FREMONT,4,9970.960000000086
CO,FREMONT,5,10368.8000000001
CO,FREMONT,6,10912.760000000113
CO,FREMONT,7,10969.56000000013
CO,FREMONT,8,10888.840000000127
CO,FREMONT,9,11169.370000000143
CO,FREMONT,10,11439.81000000013
CO,FREMONT,11,11232.900000000109
CO,FREMONT,12,11559.830000000115
CO,GARFIELD,1,9900.490000000153
CO,GARFIELD,2,8235.980000000023
CO,GARFIELD,3,10281.410000000204
CO,GARFIELD,4,8829.470000000048
CO,GARFIELD,5,9613.170000000115
CO,GARFIELD,6,9695.440000000173
CO,GARFIELD,7,9921.540000000161
CO,GARFIELD,8,9737.300000000165
CO,GARFIELD,9,9994.930000000175
CO,GARFIELD,10,10262.6500000002
CO,GARFIELD,11,9532.700000000103
CO,GARFIELD,12,9763.460000000145
CO,GILPIN,1,266.47
CO,GILPIN,2,361.6699999999998
CO,GILPIN,3,491.43999999999977
CO,GILPIN,4,469.68999999999994
CO,GILPIN,5,397.3899999999997
CO,GILPIN,6,499.8299999999998
CO,GILPIN,7,428.1699999999999
CO,GILPIN,8,441.7099999999999
CO,GILPIN,9,366.4
CO,GILPIN,10,494.97999999999973
CO,GILPIN,11,355.7699999999999
CO,GILPIN,12,484.32999999999987
CO,GRAND,1,2025.7599999999948
CO,GRAND,2,1636.2599999999984
CO,GRAND,3,2160.1800000000017
CO,GRAND,4,1600.4099999999992
CO,GRAND,5,1539.8000000000015
CO,GRAND,6,1639.9200000000005
CO,GRAND,7,1722.4799999999977
CO,GRAND,8,1746.6899999999985
CO,GRAND,9,1663.4199999999987
CO,GRAND,10,1841.5399999999988
CO,GRAND,11,1462.4599999999984
CO,GRAND,12,1473.399999999998
CO,GUNNISON,1,1495.1400000000003
CO,GUNNISON,2,1426.9700000000028
CO,GUNNISON,3,1560.4300000000023
CO,GUNNISON,4,1189.200000000002
CO,GUNNISON,5,1440.8800000000017
CO,GUNNISON,6,1684.8700000000028
CO,GUNNISON,7,1621.9499999999996
CO,GUNNISON,8,1619.3500000000004
CO,GUNNISON,9,1565.6300000000033
CO,GUNNISON,10,1539.8800000000022
CO,GUNNISON,11,1559.4500000000032
CO,GUNNISON,12,1527.760000000003
CO,HINSDALE,1,1.36
CO,HINSDALE,2,1.3599999999999999
CO,HINSDALE,3,0.61
CO,HINSDALE,4,0.91
CO,HINSDALE,5,1.82
CO,HINSDALE,7,6.23
CO,HINSDALE,8,6.51
CO,HINSDALE,9,4.25
CO,HINSDALE,10,0.61
CO,HUERFANO,1,1488.9799999999955
CO,HUERFANO,2,1307.989999999996
CO,HUERFANO,3,1594.909999999996
CO,HUERFANO,4,1274.5299999999963
CO,HUERFANO,5,1338.3699999999972
CO,HUERFANO,6,1539.519999999994
CO,HUERFANO,7,1632.869999999995
CO,HUERFANO,8,1633.729999999995
CO,HUERFANO,9,1566.0399999999963
CO,HUERFANO,10,1628.2099999999955
CO,HUERFANO,11,1564.709999999996
CO,HUERFANO,12,1643.1399999999949
CO,JEFFERSON,1,113268.0199999972
CO,JEFFERSON,2,109385.96999999732
CO,JEFFERSON,3,122837.16999999668
CO,JEFFERSON,4,116850.43999999775
CO,JEFFERSON,5,120659.90999999855
CO,JEFFERSON,6,123445.03999999836
CO,JEFFERSON,7,122662.52999999838
CO,JEFFERSON,8,124951.69999999784
CO,JEFFERSON,9,122125.3899999979
CO,JEFFERSON,10,128850.85999999897
CO,JEFFERSON,11,124740.85999999792
CO,JEFFERSON,12,125356.37999999929
CO,KIOWA,1,269.7800000000001
CO,KIOWA,2,281.17999999999984
CO,KIOWA,3,308.3899999999999
CO,KIOWA,4,208.53
CO,KIOWA,5,299.09999999999997
CO,KIOWA,6,269.37000000000006
CO,KIOWA,7,247.35999999999993
CO,KIOWA,8,227.3700000000001
CO,KIOWA,9,265.62000000000006
CO,KIOWA,10,254.28999999999988
CO,KIOWA,11,246.42999999999995
CO,KIOWA,12,273.36999999999983
CO,KIT CARSON,1,398.59999999999974
CO,KIT CARSON,2,366.71
CO,KIT CARSON,3,455.28999999999985
CO,KIT CARSON,4,341.96000000000015
CO,KIT CARSON,5,445.61999999999966
CO,KIT CARSON,6,426.3899999999999
CO,KIT CARSON,7,473.5899999999999
CO,KIT CARSON,8,462.2299999999996
CO,KIT CARSON,9,429.6399999999997
CO,KIT CARSON,10,481.52999999999975
CO,KIT CARSON,11,445.23999999999984
CO,KIT CARSON,12,366.42
CO,LA PLATA,1,5603.700000000044
CO,LA PLATA,2,5251.410000000043
CO,LA PLATA,3,5894.200000000035
CO,LA PLATA,4,5351.2700000000395
CO,LA PLATA,5,5676.420000000037
CO,LA PLATA,6,5961.370000000029
CO,LA PLATA,7,6139.780000000036
CO,LA PLATA,8,5956.060000000044
CO,LA PLATA,9,5847.2800000000325
CO,LA PLATA,10,6333.410000000034
CO,LA PLATA,11,5543.86000000003
CO,LA PLATA,12,5940.00000000002
CO,LAKE,1,1212.9100000000003
CO,LAKE,2,1165.6900000000012
CO,LAKE,3,1501.540000000001
CO,LAKE,4,1385.480000000001
CO,LAKE,5,1261.7399999999986
CO,LAKE,6,1420.5399999999997
CO,LAKE,7,1552.81
CO,LAKE,8,1330.3800000000012
CO,LAKE,9,1348.8599999999997
CO,LAKE,10,1188.6900000000007
CO,LAKE,11,1286.83
CO,LAKE,12,1422.7500000000002
CO,LARIMER,1,57499.5599999976
CO,LARIMER,2,55189.7099999978
CO,LARIMER,3,63934.49999999689
CO,LARIMER,4,60021.6399999979
CO,LARIMER,5,63009.72999999771
CO,LARIMER,6,62192.42999999694
CO,LARIMER,7,63115.6499999971
CO,LARIMER,8,65289.54999999718
CO,LARIMER,9,61991.89999999794
CO,LARIMER,10,65158.93999999714
CO,LARIMER,11,63861.97999999733
CO,LARIMER,12,65592.98999999731
CO,LAS ANIMAS,1,4753.790000000043
CO,LAS ANIMAS,2,4899.860000000026
CO,LAS ANIMAS,3,4246.670000000039
CO,LAS ANIMAS,4,3848.84000000004
CO,LAS ANIMAS,5,3889.790000000044
CO,LAS ANIMAS,6,4322.2700000000505
CO,LAS ANIMAS,7,4271.97000000005
CO,LAS ANIMAS,8,4104.240000000054
CO,LAS ANIMAS,9,4243.020000000046
CO,LAS ANIMAS,10,4378.970000000045
CO,LAS ANIMAS,11,4176.440000000055
CO,LAS ANIMAS,12,4167.9500000000435
CO,LINCOLN,1,1007.780000000002
CO,LINCOLN,2,904.8900000000011
CO,LINCOLN,3,1088.460000000001
CO,LINCOLN,4,863.0100000000004
CO,LINCOLN,5,961.0700000000008
CO,LINCOLN,6,999.1000000000014
CO,LINCOLN,7,966.4800000000009
CO,LINCOLN,8,1025.2400000000007
CO,LINCOLN,9,946.2500000000006
CO,LINCOLN,10,985.3700000000022
CO,LINCOLN,11,971.8200000000015
CO,LINCOLN,12,1077.6200000000015
CO,LOGAN,1,2968.890000000027
CO,LOGAN,2,2824.6900000000114
CO,LOGAN,3,3200.610000000026
CO,LOGAN,4,2761.1400000000212
CO,LOGAN,5,3199.840000000025
CO,LOGAN,6,2994.2500000000273
CO,LOGAN,7,3322.710000000026
CO,LOGAN,8,3097.2400000000275
CO,LOGAN,9,2887.1700000000205
CO,LOGAN,10,3340.010000000035
CO,LOGAN,11,2885.470000000017
CO,LOGAN,12,3523.9700000000257
CO,MESA,1,22713.949999999888
CO,MESA,2,21770.570000000054
CO,MESA,3,24999.619999999697
CO,MESA,4,23760.649999999794
CO,MESA,5,24870.209999999726
CO,MESA,6,24225.82999999966
CO,MESA,7,24494.579999999703
CO,MESA,8,26031.38999999948
CO,MESA,9,24251.879999999648
CO,MESA,10,25330.649999999623
CO,MESA,11,23975.96999999979
CO,MESA,12,24736.32999999961
CO,MINERAL,9,0.3
CO,MOFFAT,1,2544.0500000000093
CO,MOFFAT,2,2467.500000000007
CO,MOFFAT,3,2746.720000000016
CO,MOFFAT,4,2762.150000000017
CO,MOFFAT,5,2609.3800000000147
CO,MOFFAT,6,2728.180000000013
CO,MOFFAT,7,2731.840000000017
CO,MOFFAT,8,3014.980000000024
CO,MOFFAT,9,2806.9400000000205
CO,MOFFAT,10,2939.370000000019
CO,MOFFAT,11,3077.610000000021
CO,MOFFAT,12,3067.400000000022
CO,MONTEZUMA,1,4613.370000000032
CO,MONTEZUMA,2,4166.750000000051
CO,MONTEZUMA,3,5263.560000000025
CO,MONTEZUMA,4,4853.030000000046
CO,MONTEZUMA,5,5097.7600000000175
CO,MONTEZUMA,6,5240.190000000031
CO,MONTEZUMA,7,5153.730000000021
CO,MONTEZUMA,8,4864.080000000035
CO,MONTEZUMA,9,5262.750000000031
CO,MONTEZUMA,10,5425.260000000022
CO,MONTEZUMA,11,5246.710000000027
CO,MONTEZUMA,12,5031.550000000032
CO,MONTROSE,1,5741.850000000023
CO,MONTROSE,2,5130.100000000041
CO,MONTROSE,3,6394.800000000003
CO,MONTROSE,4,5468.810000000031
CO,MONTROSE,5,6229.599999999999
CO,MONTROSE,6,6480.070000000015
CO,MONTROSE,7,5958.93000000003
CO,MONTROSE,8,6412.630000000016
CO,MONTROSE,9,6048.420000000008
CO,MONTROSE,10,6504.290000000005
CO,MONTROSE,11,5911.590000000008
CO,MONTROSE,12,6163.330000000015
CO,MORGAN,1,3949.9100000000553
CO,MORGAN,2,3714.4900000000407
CO,MORGAN,3,4266.900000000054
CO,MORGAN,4,4115.5200000000505
CO,MORGAN,5,3950.300000000052
CO,MORGAN,6,4186.850000000054
CO,MORGAN,7,4079.0800000000563
CO,MORGAN,8,4137.9200000000565
CO,MORGAN,9,4312.720000000049
CO,MORGAN,10,4549.440000000055
CO,MORGAN,11,4283.860000000055
CO,MORGAN,12,4431.440000000047
CO,OTERO,1,6870.960000000022
CO,OTERO,2,7194.120000000014
CO,OTERO,3,7468.829999999985
CO,OTERO,4,6677.589999999978
CO,OTERO,5,6928.819999999985
CO,OTERO,6,7185.969999999993
CO,OTERO,7,7413.949999999996
CO,OTERO,8,6901.889999999996
CO,OTERO,9,7228.089999999992
CO,OTERO,10,7324.650000000001
CO,OTERO,11,7639.31999999999
CO,OTERO,12,7438.410000000002
CO,OURAY,1,460.71999999999923
CO,OURAY,2,533.639999999999
CO,OURAY,3,492.82999999999885
CO,OURAY,4,540.9399999999988
CO,OURAY,5,512.4999999999989
CO,OURAY,6,542.6099999999991
CO,OURAY,7,560.7699999999995
CO,OURAY,8,551.7299999999984
CO,OURAY,9,529.869999999999
CO,OURAY,10,620.1199999999993
CO,OURAY,11,500.44999999999914
CO,OURAY,12,491.5399999999992
CO,PARK,1,736.8100000000005
CO,PARK,2,670.6000000000003
CO,PARK,3,702.3700000000003
CO,PARK,4,692.1
CO,PARK,5,676.5800000000002
CO,PARK,6,806.3700000000005
CO,PARK,7,667.5500000000008
CO,PARK,8,811.0800000000004
CO,PARK,9,811.4700000000003
CO,PARK,10,824.3300000000005
CO,PARK,11,782.6800000000005
CO,PARK,12,893.9800000000008
CO,PHILLIPS,1,293.0700000000002
CO,PHILLIPS,2,263.76000000000016
CO,PHILLIPS,3,302.9600000000001
CO,PHILLIPS,4,329.58
CO,PHILLIPS,5,273.6700000000001
CO,PHILLIPS,6,238.6900000000001
CO,PHILLIPS,7,276.9400000000002
CO,PHILLIPS,8,243.2700000000002
CO,PHILLIPS,9,356.34
CO,PHILLIPS,10,327.24000000000024
CO,PHILLIPS,11,268.3400000000002
CO,PHILLIPS,12,341.9600000000001
CO,PITKIN,1,1229.4000000000005
CO,PITKIN,2,1118.9999999999998
CO,PITKIN,3,1164.6399999999992
CO,PITKIN,4,892.2100000000004
CO,PITKIN,5,739.16
CO,PITKIN,6,828.9500000000003
CO,PITKIN,7,906.7500000000005
CO,PITKIN,8,1157.0500000000004
CO,PITKIN,9,822.6300000000006
CO,PITKIN,10,829.4100000000002
CO,PITKIN,11,822.9300000000001
CO,PITKIN,12,1135.2200000000007
CO,PROWERS,1,2523.6000000000063
CO,PROWERS,2,2609.84000000001
CO,PROWERS,3,2395.7100000000078
CO,PROWERS,4,2314.450000000002
CO,PROWERS,5,2483.070000000008
CO,PROWERS,6,2489.6600000000085
CO,PROWERS,7,2816.170000000014
CO,PROWERS,8,2769.240000000014
CO,PROWERS,9,2684.710000000012
CO,PROWERS,10,2905.1300000000174
CO,PROWERS,11,2626.30000000001
CO,PROWERS,12,2857.9500000000216
CO,PUEBLO,1,65465.659999997406
CO,PUEBLO,2,66194.27999999747
CO,PUEBLO,3,73200.97999999757
CO,PUEBLO,4,68898.13999999779
CO,PUEBLO,5,72635.31999999812
CO,PUEBLO,6,74421.7599999979
CO,PUEBLO,7,76193.7699999985
CO,PUEBLO,8,76404.16999999806
CO,PUEBLO,9,76534.81999999817
CO,PUEBLO,10,79806.61999999908
CO,PUEBLO,11,77164.05999999824
CO,PUEBLO,12,80572.44999999904
CO,RIO BLANCO,1,608.839999999999
CO,RIO BLANCO,2,568.219999999999
CO,RIO BLANCO,3,736.0499999999995
CO,RIO BLANCO,4,703.6299999999997
CO,RIO BLANCO,5,711.8199999999999
CO,RIO BLANCO,6,675.8099999999995
CO,RIO BLANCO,7,518.2499999999992
CO,RIO BLANCO,8,997.5799999999997
CO,RIO BLANCO,9,493.09999999999906
CO,RIO BLANCO,10,495.17999999999887
CO,RIO BLANCO,11,640.1899999999999
CO,RIO BLANCO,12,640.1599999999994
CO,RIO GRANDE,1,1655.0899999999983
CO,RIO GRANDE,2,1686.689999999999
CO,RIO GRANDE,3,1963.2499999999964
CO,RIO GRANDE,4,1755.9999999999986
CO,RIO GRANDE,5,1674.7699999999973
CO,RIO GRANDE,6,1966.629999999996
CO,RIO GRANDE,7,2119.789999999999
CO,RIO GRANDE,8,2193.22
CO,RIO GRANDE,9,1698.099999999997
CO,RIO GRANDE,10,1692.7599999999986
CO,RIO GRANDE,11,1983.8099999999974
CO,RIO GRANDE,12,1563.8899999999999
CO,ROUTT,1,3955.9700000000653
CO,ROUTT,2,3722.8000000000575
CO,ROUTT,3,4188.340000000062
CO,ROUTT,4,3392.6100000000442
CO,ROUTT,5,3449.9700000000535
CO,ROUTT,6,3757.5500000000643
CO,ROUTT,7,3583.860000000051
CO,ROUTT,8,3904.700000000061
CO,ROUTT,9,3581.8300000000513
CO,ROUTT,10,4082.520000000061
CO,ROUTT,11,3619.5500000000525
CO,ROUTT,12,3801.7500000000628
CO,SAGUACHE,1,0.8999999999999999
CO,SAGUACHE,2,3.6299999999999994
CO,SAGUACHE,3,4.85
CO,SAGUACHE,4,0.3
CO,SAGUACHE,6,0.8999999999999999
CO,SAGUACHE,7,3.3299999999999996
CO,SAGUACHE,8,0.8999999999999999
CO,SAGUACHE,9,1.81
CO,SAGUACHE,10,0.3
CO,SAGUACHE,11,0.6
CO,SAGUACHE,12,0.6
CO,SAN JUAN,7,0.24
CO,SAN MIGUEL,1,475.02999999999935
CO,SAN MIGUEL,2,397.1499999999994
CO,SAN MIGUEL,3,487.3399999999995
CO,SAN MIGUEL,4,424.5199999999997
CO,SAN MIGUEL,5,346.2699999999997
CO,SAN MIGUEL,6,430.7799999999997
CO,SAN MIGUEL,7,396.2099999999997
CO,SAN MIGUEL,8,412.5499999999994
CO,SAN MIGUEL,9,419.2799999999995
CO,SAN MIGUEL,10,381.37999999999977
CO,SAN MIGUEL,11,357.1799999999997
CO,SAN MIGUEL,12,465.20999999999964
CO,SEDGWICK,1,436.99999999999955
CO,SEDGWICK,2,424.64999999999975
CO,SEDGWICK,3,445.35999999999973
CO,SEDGWICK,4,395.6799999999998
CO,SEDGWICK,5,380.2199999999997
CO,SEDGWICK,6,458.6299999999997
CO,SEDGWICK,7,397.15999999999974
CO,SEDGWICK,8,545.1699999999997
CO,SEDGWICK,9,413.63999999999976
CO,SEDGWICK,10,473.6199999999998
CO,SEDGWICK,11,445.02999999999946
CO,SEDGWICK,12,485.4599999999996
CO,SUMMIT,1,4094.8200000000556
CO,SUMMIT,2,3894.7200000000576
CO,SUMMIT,3,4287.120000000055
CO,SUMMIT,4,3345.600000000036
CO,SUMMIT,5,3122.8300000000277
CO,SUMMIT,6,3453.5300000000334
CO,SUMMIT,7,3386.1400000000326
CO,SUMMIT,8,3723.42000000005
CO,SUMMIT,9,3331.4700000000366
CO,SUMMIT,10,3524.8100000000404
CO,SUMMIT,11,3587.3900000000385
CO,SUMMIT,12,3740.5500000000484
CO,TELLER,1,5592.120000000033
CO,TELLER,2,4980.540000000032
CO,TELLER,3,5788.800000000024
CO,TELLER,4,5384.79000000002
CO,TELLER,5,5729.070000000026
CO,TELLER,6,6267.310000000024
CO,TELLER,7,6309.92000000002
CO,TELLER,8,6200.2800000000225
CO,TELLER,9,6509.3300000000145
CO,TELLER,10,6619.980000000019
CO,TELLER,11,6254.540000000022
CO,TELLER,12,6653.560000000019
CO,WASHINGTON,1,89.50000000000004
CO,WASHINGTON,2,88.35000000000002
CO,WASHINGTON,3,55.83
CO,WASHINGTON,4,77.87000000000002
CO,WASHINGTON,5,55.87000000000001
CO,WASHINGTON,6,54.879999999999995
CO,WASHINGTON,7,100.77000000000002
CO,WASHINGTON,8,69.6
CO,WASHINGTON,9,70.03000000000002
CO,WASHINGTON,10,55.71
CO,WASHINGTON,11,50.14000000000001
CO,WASHINGTON,12,27.920000000000005
CO,WELD,1,38398.61999999824
CO,WELD,2,38690.67999999835
CO,WELD,3,42818.709999998086
CO,WELD,4,40429.98999999812
CO,WELD,5,42627.22999999809
CO,WELD,6,43558.97999999835
CO,WELD,7,42614.87999999815
CO,WELD,8,44405.0499999979
CO,WELD,9,42059.569999998224
CO,WELD,10,44791.32999999801
CO,WELD,11,44652.57999999822
CO,WELD,12,45062.85999999813
CO,YUMA,1,1134.57
CO,YUMA,2,1049.9100000000003
CO,YUMA,3,1194.5600000000004
CO,YUMA,4,1044.470000000001
CO,YUMA,5,1092.2200000000007
CO,YUMA,6,1058.6700000000012
CO,YUMA,7,1078.6800000000014
CO,YUMA,8,1102.6500000000005
CO,YUMA,9,1097.0900000000008
CO,YUMA,10,1169.5899999999995
CO,YUMA,11,1293.5600000000002
CO,YUMA,12,1220.1999999999987
OR,BAKER,1,4494.87000000005
OR,BAKER,2,4050.020000000059
OR,BAKER,3,4652.270000000051
OR,BAKER,4,4652.740000000045
OR,BAKER,5,4477.320000000049
OR,BAKER,6,4868.120000000038
OR,BAKER,7,4518.030000000048
OR,BAKER,8,4574.440000000059
OR,BAKER,9,4421.310000000047
OR,BAKER,10,4783.160000000044
OR,BAKER,11,4513.51000000005
OR,BAKER,12,5255.230000000035
OR,BENTON,1,11133.190000000159
OR,BENTON,2,11239.880000000174
OR,BENTON,3,12577.280000000215
OR,BENTON,4,11869.7400000002
OR,BENTON,5,12396.050000000268
OR,BENTON,6,12042.120000000179
OR,BENTON,7,12627.630000000208
OR,BENTON,8,12922.790000000216
OR,BENTON,9,12243.850000000193
OR,BENTON,10,12807.360000000212
OR,BENTON,11,12354.03000000017
OR,BENTON,12,13631.360000000263
OR,CLACKAMAS,1,105721.20000000084
OR,CLACKAMAS,2,97218.31999999932
OR,CLACKAMAS,3,109411.06000000073
OR,CLACKAMAS,4,105586.17000000042
OR,CLACKAMAS,5,107421.93000000046
OR,CLACKAMAS,6,106401.77000000096
OR,CLACKAMAS,7,108908.4500000011
OR,CLACKAMAS,8,110989.88000000152
OR,CLACKAMAS,9,107896.87000000119
OR,CLACKAMAS,10,112100.68000000107
OR,CLACKAMAS,11,108691.19000000099
OR,CLACKAMAS,12,112534.60000000168
OR,CLATSOP,1,13810.080000000173
OR,CLATSOP,2,13981.800000000154
OR,CLATSOP,3,15412.420000000218
OR,CLATSOP,4,13634.360000000193
OR,CLATSOP,5,14756.860000000204
OR,CLATSOP,6,15656.990000000224
OR,CLATSOP,7,15767.07000000022
OR,CLATSOP,8,15935.620000000237
OR,CLATSOP,9,15480.85000000015
OR,CLATSOP,10,15304.990000000222
OR,CLATSOP,11,14666.190000000186
OR,CLATSOP,12,15807.130000000157
OR,COLUMBIA,1,10416.190000000151
OR,COLUMBIA,2,10184.490000000125
OR,COLUMBIA,3,11390.01000000018
OR,COLUMBIA,4,11152.230000000192
OR,COLUMBIA,5,10739.000000000135
OR,COLUMBIA,6,11256.72000000018
OR,COLUMBIA,7,11281.600000000191
OR,COLUMBIA,8,11379.650000000147
OR,COLUMBIA,9,11187.710000000161
OR,COLUMBIA,10,11130.360000000162
OR,COLUMBIA,11,10953.430000000177
OR,COLUMBIA,12,11908.560000000189
OR,COOS,1,19887.62000000018
OR,COOS,2,18370.550000000254
OR,COOS,3,21093.220000000125
OR,COOS,4,19494.330000000235
OR,COOS,5,19698.690000000173
OR,COOS,6,21142.960000000017
OR,COOS,7,21396.38999999995
OR,COOS,8,20659.160000000174
OR,COOS,9,20388.39000000018
OR,COOS,10,21394.140000000043
OR,COOS,11,19540.260000000242
OR,COOS,12,20939.520000000037
OR,CROOK,1,3629.330000000031
OR,CROOK,2,3251.7800000000216
OR,CROOK,3,3927.9900000000307
OR,CROOK,4,3810.6100000000306
OR,CROOK,5,3942.0100000000334
OR,CROOK,6,3928.86000000004
OR,CROOK,7,3890.9100000000476
OR,CROOK,8,3688.2400000000334
OR,CROOK,9,4110.180000000042
OR,CROOK,10,4041.5200000000427
OR,CROOK,11,3850.380000000039
OR,CROOK,12,3909.500000000041
OR,CURRY,1,9283.520000000044
OR,CURRY,2,8493.720000000005
OR,CURRY,3,10623.750000000084
OR,CURRY,4,9121.430000000033
OR,CURRY,5,10125.080000000085
OR,CURRY,6,9676.500000000067
OR,CURRY,7,10291.64000000007
OR,CURRY,8,9687.240000000069
OR,CURRY,9,10054.340000000075
OR,CURRY,10,10115.930000000068
OR,CURRY,11,9823.820000000056
OR,CURRY,12,9911.450000000052
OR,DESCHUTES,1,26656.839999999553
OR,DESCHUTES,2,25054.07999999962
OR,DESCHUTES,3,28163.369999999257
OR,DESCHUTES,4,26708.239999999412
OR,DESCHUTES,5,27350.91999999943
OR,DESCHUTES,6,28020.20999999936
OR,DESCHUTES,7,28490.669999999212
OR,DESCHUTES,8,27986.129999999204
OR,DESCHUTES,9,27142.04999999943
OR,DESCHUTES,10,29154.29999999908
OR,DESCHUTES,11,27749.379999999266
OR,DESCHUTES,12,29519.749999999138
OR,DOUGLAS,1,35400.85999999921
OR,DOUGLAS,2,33261.31999999933
OR,DOUGLAS,3,37663.14999999911
OR,DOUGLAS,4,35331.84999999917
OR,DOUGLAS,5,36643.999999999265
OR,DOUGLAS,6,37006.48999999905
OR,DOUGLAS,7,37412.78999999925
OR,DOUGLAS,8,37920.89999999904
OR,DOUGLAS,9,38020.27999999905
OR,DOUGLAS,10,37600.489999999045
OR,DOUGLAS,11,35632.059999998986
OR,DOUGLAS,12,37778.60999999903
OR,GILLIAM,1,210.65
OR,GILLIAM,2,124.65000000000003
OR,GILLIAM,3,212.29999999999987
OR,GILLIAM,4,186.41000000000008
OR,GILLIAM,5,197.40999999999994
OR,GILLIAM,6,209.12999999999982
OR,GILLIAM,7,206.63
OR,GILLIAM,8,193.50999999999993
OR,GILLIAM,9,213.57999999999998
OR,GILLIAM,10,240.44999999999985
OR,GILLIAM,11,173.60000000000005
OR,GILLIAM,12,209.97000000000008
OR,GRANT,1,1471.129999999998
OR,GRANT,2,1328.9599999999998
OR,GRANT,3,1639.8099999999977
OR,GRANT,4,1364.6699999999973
OR,GRANT,5,1394.879999999999
OR,GRANT,6,1475.7699999999982
OR,GRANT,7,1459.8399999999972
OR,GRANT,8,1400.969999999998
OR,GRANT,9,1388.5899999999979
OR,GRANT,10,1481.1799999999973
OR,GRANT,11,1442.7799999999972
OR,GRANT,12,1551.119999999997
OR,HARNEY,1,1359.7799999999993
OR,HARNEY,2,1162.5700000000008
OR,HARNEY,3,1286.9700000000003
OR,HARNEY,4,1384.8999999999994
OR,HARNEY,5,1361.99
OR,HARNEY,6,1377.300000000001
OR,HARNEY,7,1611.5100000000007
OR,HARNEY,8,1518.5799999999983
OR,HARNEY,9,1653.9099999999976
OR,HARNEY,10,1394.9199999999985
OR,HARNEY,11,1526.599999999998
OR,HARNEY,12,1542.5500000000006
OR,HOOD RIVER,1,3569.420000000033
OR,HOOD RIVER,2,3704.8700000000376
OR,HOOD RIVER,3,3760.5400000000336
OR,HOOD RIVER,4,3688.620000000038
OR,HOOD RIVER,5,3976.2800000000366
OR,HOOD RIVER,6,3925.340000000036
OR,HOOD RIVER,7,4032.6400000000394
OR,HOOD RIVER,8,3969.5300000000348
OR,HOOD RIVER,9,3754.750000000036
OR,HOOD RIVER,10,4332.090000000036
OR,HOOD RIVER,11,3861.0800000000386
OR,HOOD RIVER,12,4037.4800000000423
OR,JACKSON,1,72723.65999999832
OR,JACKSON,2,69310.15999999791
OR,JACKSON,3,76853.5399999987
OR,JACKSON,4,75460.9999999985
OR,JACKSON,5,76577.50999999855
OR,JACKSON,6,77377.6199999992
OR,JACKSON,7,78161.98999999929
OR,JACKSON,8,79832.32999999938
OR,JACKSON,9,77249.19999999859
OR,JACKSON,10,82117.43999999977
OR,JACKSON,11,78012.7499999991
OR,JACKSON,12,83325.9299999996
OR,JEFFERSON,1,2348.540000000004
OR,JEFFERSON,2,2337.950000000003
OR,JEFFERSON,3,2590.5000000000095
OR,JEFFERSON,4,2329.000000000006
OR,JEFFERSON,5,2659.06000000001
OR,JEFFERSON,6,2654.450000000011
OR,JEFFERSON,7,2703.370000000013
OR,JEFFERSON,8,2673.5400000000154
OR,JEFFERSON,9,2528.500000000008
OR,JEFFERSON,10,2516.200000000007
OR,JEFFERSON,11,2672.7500000000136
OR,JEFFERSON,12,2755.6800000000135
OR,JOSEPHINE,1,28365.929999999724
OR,JOSEPHINE,2,27572.709999999835
OR,JOSEPHINE,3,31901.159999999643
OR,JOSEPHINE,4,29886.009999999635
OR,JOSEPHINE,5,30863.47999999961
OR,JOSEPHINE,6,31227.97999999949
OR,JOSEPHINE,7,31550.219999999503
OR,JOSEPHINE,8,32595.82999999941
OR,JOSEPHINE,9,31296.709999999428
OR,JOSEPHINE,10,33264.19999999931
OR,JOSEPHINE,11,32359.30999999939
OR,JOSEPHINE,12,34202.399999999245
OR,KLAMATH,1,14369.700000000294
OR,KLAMATH,2,13838.060000000216
OR,KLAMATH,3,14721.650000000289
OR,KLAMATH,4,14410.330000000284
OR,KLAMATH,5,14770.370000000285
OR,KLAMATH,6,14538.890000000265
OR,KLAMATH,7,14634.160000000236
OR,KLAMATH,8,15072.240000000278
OR,KLAMATH,9,15104.010000000237
OR,KLAMATH,10,15328.070000000336
OR,KLAMATH,11,14779.040000000301
OR,KLAMATH,12,15432.420000000286
OR,LAKE,1,2000.589999999998
OR,LAKE,2,1910.619999999997
OR,LAKE,3,2255.119999999999
OR,LAKE,4,2069.899999999998
OR,LAKE,5,2071.8299999999977
OR,LAKE,6,2098.079999999995
OR,LAKE,7,2295.9500000000007
OR,LAKE,8,2213.469999999999
OR,LAKE,9,2108.979999999999
OR,LAKE,10,2141.0200000000004
OR,LAKE,11,2357.590000000001
OR,LAKE,12,2313.5300000000025
OR,LANE,1,90648.40000000027
OR,LANE,2,87204.34999999891
OR,LANE,3,96043.71999999978
OR,LANE,4,95509.24000000008
OR,LANE,5,94895.36999999997
OR,LANE,6,95272.68000000078
OR,LANE,7,96704.03000000044
OR,LANE,8,95895.41000000083
OR,LANE,9,94894.85000000086
OR,LANE,10,101942.64000000116
OR,LANE,11,94135.61000000023
OR,LANE,12,103512.1400000014
OR,LINCOLN,1,17911.680000000197
OR,LINCOLN,2,15958.040000000336
OR,LINCOLN,3,19184.590000000077
OR,LINCOLN,4,17870.030000000206
OR,LINCOLN,5,18247.660000000127
OR,LINCOLN,6,20200.01
OR,LINCOLN,7,19158.73000000011
OR,LINCOLN,8,19774.819999999985
OR,LINCOLN,9,18356.80000000016
OR,LINCOLN,10,19246.670000000096
OR,LINCOLN,11,17737.66000000011
OR,LINCOLN,12,20406.269999999946
OR,LINN,1,30305.709999999268
OR,LINN,2,29252.079999999543
OR,LINN,3,32192.599999999326
OR,LINN,4,30882.60999999943
OR,LINN,5,31369.23999999939
OR,LINN,6,32164.959999999297
OR,LINN,7,33557.21999999912
OR,LINN,8,32157.149999999205
OR,LINN,9,31885.169999999172
OR,LINN,10,32919.22999999922
OR,LINN,11,32737.159999999105
OR,LINN,12,34332.28999999896
OR,MALHEUR,1,6745.700000000029
OR,MALHEUR,2,6355.799999999997
OR,MALHEUR,3,6940.87000000001
OR,MALHEUR,4,7069.790000000008
OR,MALHEUR,5,6941.930000000002
OR,MALHEUR,6,7045.760000000005
OR,MALHEUR,7,6905.570000000017
OR,MALHEUR,8,7377.490000000019
OR,MALHEUR,9,7310.360000000013
OR,MALHEUR,10,7969.040000000006
OR,MALHEUR,11,7625.949999999991
OR,MALHEUR,12,7992.730000000007
OR,MARION,1,61540.88999999755
OR,MARION,2,58472.76999999788
OR,MARION,3,66887.00999999727
OR,MARION,4,62146.48999999736
OR,MARION,5,65417.39999999729
OR,MARION,6,66038.40999999733
OR,MARION,7,65472.34999999759
OR,MARION,8,67431.35999999769
OR,MARION,9,65285.61999999719
OR,MARION,10,67868.83999999767
OR,MARION,11,64900.95999999725
OR,MARION,12,67814.21999999767
OR,MORROW,1,621.2099999999989
OR,MORROW,2,538.159999999999
OR,MORROW,3,531.6999999999994
OR,MORROW,4,588.199999999999
OR,MORROW,5,648.1399999999999
OR,MORROW,6,654.8899999999986
OR,MORROW,7,670.839999999999
OR,MORROW,8,597.6199999999993
OR,MORROW,9,599.9399999999993
OR,MORROW,10,671.3799999999983
OR,MORROW,11,595.1899999999994
OR,MORROW,12,640.8999999999992
OR,MULTNOMAH,1,193707.07999999987
OR,MULTNOMAH,2,184733.4299999981
OR,MULTNOMAH,3,205187.58999999604
OR,MULTNOMAH,4,194032.0099999961
OR,MULTNOMAH,5,199905.349999994
OR,MULTNOMAH,6,196899.24999999718
OR,MULTNOMAH,7,196444.11999999755
OR,MULTNOMAH,8,201853.98999999685
OR,MULTNOMAH,9,192716.36999999828
OR,MULTNOMAH,10,202820.04999999702
OR,MULTNOMAH,11,205002.689999998
OR,MULTNOMAH,12,210461.00999999567
OR,POLK,1,9700.4000000001
OR,POLK,2,9350.000000000115
OR,POLK,3,10604.730000000147
OR,POLK,4,9969.66000000012
OR,POLK,5,9916.650000000138
OR,POLK,6,10965.380000000174
OR,POLK,7,10611.02000000013
OR,POLK,8,10639.290000000148
OR,POLK,9,10106.160000000096
OR,POLK,10,10752.28000000013
OR,POLK,11,9983.57000000013
OR,POLK,12,11073.790000000172
OR,TILLAMOOK,1,10984.54000000009
OR,TILLAMOOK,2,11191.57000000006
OR,TILLAMOOK,3,11882.400000000132
OR,TILLAMOOK,4,10947.56000000009
OR,TILLAMOOK,5,11974.08000000015
OR,TILLAMOOK,6,11929.990000000123
OR,TILLAMOOK,7,11656.49000000011
OR,TILLAMOOK,8,11974.990000000116
OR,TILLAMOOK,9,11770.32000000009
OR,TILLAMOOK,10,11825.38000000011
OR,TILLAMOOK,11,11694.290000000086
OR,TILLAMOOK,12,12815.710000000121
OR,UMATILLA,1,13242.310000000347
OR,UMATILLA,2,11869.500000000216
OR,UMATILLA,3,13643.020000000315
OR,UMATILLA,4,12672.140000000261
OR,UMATILLA,5,13116.740000000344
OR,UMATILLA,6,13015.160000000295
OR,UMATILLA,7,12895.7500000003
OR,UMATILLA,8,13940.480000000383
OR,UMATILLA,9,13086.080000000271
OR,UMATILLA,10,14097.460000000401
OR,UMATILLA,11,13281.670000000408
OR,UMATILLA,12,14246.19000000037
OR,UNION,1,7489.7300000000205
OR,UNION,2,6273.860000000031
OR,UNION,3,7735.270000000011
OR,UNION,4,6923.7800000000225
OR,UNION,5,7307.700000000009
OR,UNION,6,7241.430000000009
OR,UNION,7,7235.8600000000315
OR,UNION,8,7249.919999999995
OR,UNION,9,7674.180000000007
OR,UNION,10,7723.440000000019
OR,UNION,11,7493.1900000000105
OR,UNION,12,8245.440000000024
OR,WALLOWA,1,1217.3699999999985
OR,WALLOWA,2,1060.1
OR,WALLOWA,3,1202.3399999999986
OR,WALLOWA,4,1357.4399999999978
OR,WALLOWA,5,1197.5899999999997
OR,WALLOWA,6,1231.4499999999998
OR,WALLOWA,7,1344.0699999999988
OR,WALLOWA,8,1317.4199999999983
OR,WALLOWA,9,1249.7100000000003
OR,WALLOWA,10,1234.4299999999992
OR,WALLOWA,11,1253.3999999999976
OR,WALLOWA,12,1340.0099999999977
OR,WASCO,1,7640.98999999999
OR,WASCO,2,7422.669999999993
OR,WASCO,3,7736.609999999976
OR,WASCO,4,8118.369999999974
OR,WASCO,5,7902.449999999987
OR,WASCO,6,8659.449999999997
OR,WASCO,7,8520.65
OR,WASCO,8,8030.710000000001
OR,WASCO,9,8305.969999999992
OR,WASCO,10,8617.029999999984
OR,WASCO,11,7953.969999999994
OR,WASCO,12,8582.150000000009
OR,WASHINGTON,1,96143.00999999886
OR,WASHINGTON,2,94585.6999999986
OR,WASHINGTON,3,101054.5899999992
OR,WASHINGTON,4,96724.84999999891
OR,WASHINGTON,5,98505.77
OR,WASHINGTON,6,100245.41999999969
OR,WASHINGTON,7,99571.45999999996
OR,WASHINGTON,8,101964.98999999877
OR,WASHINGTON,9,99828.91999999879
OR,WASHINGTON,10,104869.13999999974
OR,WASHINGTON,11,102370.10999999962
OR,WASHINGTON,12,104715.24000000021
OR,WHEELER,1,0.14
OR,WHEELER,2,0.04
OR,WHEELER,3,0.02
OR,WHEELER,4,0.13
OR,WHEELER,5,0.18
OR,WHEELER,6,0.22000000000000003
OR,WHEELER,7,0.06
OR,WHEELER,8,0.1
OR,WHEELER,9,0.02
OR,WHEELER,10,0.07
OR,YAMHILL,1,17609.150000000358
OR,YAMHILL,2,16269.910000000496
OR,YAMHILL,3,18651.290000000277
OR,YAMHILL,4,17901.97000000031
OR,YAMHILL,5,18435.650000000256
OR,YAMHILL,6,18256.07000000035
OR,YAMHILL,7,18320.68000000029
OR,YAMHILL,8,18683.860000000237
OR,YAMHILL,9,18587.95000000028
OR,YAMHILL,10,18931.85000000014
OR,YAMHILL,11,17732.130000000405
OR,YAMHILL,12,19684.410000000044
WA,ADAMS,1,2328.0500000000065
WA,ADAMS,2,1812.8599999999988
WA,ADAMS,3,2056.319999999995
WA,ADAMS,4,2145.829999999999
WA,ADAMS,5,2074.2399999999943
WA,ADAMS,6,2216.730000000005
WA,ADAMS,7,2156.7000000000003
WA,ADAMS,8,2328.520000000006
WA,ADAMS,9,2209.259999999996
WA,ADAMS,10,2319.180000000003
WA,ADAMS,11,2048.109999999996
WA,ADAMS,12,2306.68
WA,ASOTIN,1,6410.810000000009
WA,ASOTIN,2,5787.18000000001
WA,ASOTIN,3,6253.840000000024
WA,ASOTIN,4,5935.110000000034
WA,ASOTIN,5,6390.660000000022
WA,ASOTIN,6,6864.3800000000165
WA,ASOTIN,7,6477.690000000017
WA,ASOTIN,8,6386.390000000025
WA,ASOTIN,9,6486.9200000000055
WA,ASOTIN,10,7048.240000000009
WA,ASOTIN,11,6719.590000000005
WA,ASOTIN,12,7012.930000000016
WA,BENTON,1,30918.749999999265
WA,BENTON,2,30212.34999999926
WA,BENTON,3,34573.909999998934
WA,BENTON,4,32116.079999999187
WA,BENTON,5,35084.39999999879
WA,BENTON,6,34381.27999999893
WA,BENTON,7,35509.22999999872
WA,BENTON,8,35272.43999999874
WA,BENTON,9,33746.159999998956
WA,BENTON,10,35318.65999999869
WA,BENTON,11,34342.66999999902
WA,BENTON,12,37082.46999999878
WA,CHELAN,1,14467.620000000426
WA,CHELAN,2,13173.280000000332
WA,CHELAN,3,14567.000000000406
WA,CHELAN,4,13289.270000000397
WA,CHELAN,5,13858.21000000045
WA,CHELAN,6,14487.570000000422
WA,CHELAN,7,14295.820000000453
WA,CHELAN,8,14811.39000000042
WA,CHELAN,9,13771.670000000402
WA,CHELAN,10,14551.350000000437
WA,CHELAN,11,13624.55000000042
WA,CHELAN,12,14550.110000000417
WA,CLALLAM,1,27498.34999999942
WA,CLALLAM,2,26186.199999999622
WA,CLALLAM,3,28638.169999999416
WA,CLALLAM,4,27733.2999999996
WA,CLALLAM,5,29414.829999999474
WA,CLALLAM,6,29619.35999999941
WA,CLALLAM,7,29817.92999999925
WA,CLALLAM,8,30824.079999999285
WA,CLALLAM,9,27977.479999999447
WA,CLALLAM,10,30337.91999999929
WA,CLALLAM,11,28765.489999999398
WA,CLALLAM,12,31241.309999999125
WA,CLARK,1,101578.41999999853
WA,CLARK,2,99717.59999999864
WA,CLARK,3,105684.16999999809
WA,CLARK,4,103255.86999999903
WA,CLARK,5,104818.8399999993
WA,CLARK,6,105632.79999999913
WA,CLARK,7,107544.99999999903
WA,CLARK,8,109013.95999999919
WA,CLARK,9,108982.78999999951
WA,CLARK,10,113144.99000000003
WA,CLARK,11,108638.22999999938
WA,CLARK,12,115588.38999999948
WA,COLUMBIA,1,549.3599999999988
WA,COLUMBIA,2,535.5599999999991
WA,COLUMBIA,3,620.0699999999995
WA,COLUMBIA,4,540.299999999999
WA,COLUMBIA,5,610.6499999999986
WA,COLUMBIA,6,602.2599999999986
WA,COLUMBIA,7,652.629999999999
WA,COLUMBIA,8,650.5799999999986
WA,COLUMBIA,9,589.2099999999984
WA,COLUMBIA,10,618.2999999999984
WA,COLUMBIA,11,602.6799999999988
WA,COLUMBIA,12,644.0699999999989
WA,COWLITZ,1,35212.32999999909
WA,COWLITZ,2,34341.43999999911
WA,COWLITZ,3,34817.349999999096
WA,COWLITZ,4,33878.40999999897
WA,COWLITZ,5,36275.049999999
WA,COWLITZ,6,35574.71999999894
WA,COWLITZ,7,37287.34999999892
WA,COWLITZ,8,37343.18999999886
WA,COWLITZ,9,34384.98999999906
WA,COWLITZ,10,36595.37999999893
WA,COWLITZ,11,36968.66999999883
WA,COWLITZ,12,36179.22999999888
WA,DOUGLAS,1,5034.520000000069
WA,DOUGLAS,2,4832.620000000064
WA,DOUGLAS,3,5167.690000000052
WA,DOUGLAS,4,5012.300000000065
WA,DOUGLAS,5,5144.76000000005
WA,DOUGLAS,6,5139.860000000065
WA,DOUGLAS,7,5302.010000000062
WA,DOUGLAS,8,5007.890000000068
WA,DOUGLAS,9,5189.750000000058
WA,DOUGLAS,10,5085.630000000057
WA,DOUGLAS,11,5027.850000000063
WA,DOUGLAS,12,5218.670000000065
WA,FERRY,1,1352.2699999999975
WA,FERRY,2,1039.0599999999993
WA,FERRY,3,1230.0699999999995
WA,FERRY,4,1412.6399999999987
WA,FERRY,5,1480.3899999999987
WA,FERRY,6,1123.8499999999985
WA,FERRY,7,1401.0299999999995
WA,FERRY,8,1365.8900000000003
WA,FERRY,9,1223.159999999999
WA,FERRY,10,1458.9599999999991
WA,FERRY,11,1292.7799999999982
WA,FERRY,12,1423.9300000000005
WA,FRANKLIN,1,7674.880000000012
WA,FRANKLIN,2,7486.080000000017
WA,FRANKLIN,3,8686.000000000013
WA,FRANKLIN,4,8049.699999999999
WA,FRANKLIN,5,8331.970000000018
WA,FRANKLIN,6,8267.110000000017
WA,FRANKLIN,7,8538.510000000013
WA,FRANKLIN,8,9245.820000000072
WA,FRANKLIN,9,8217.850000000004
WA,FRANKLIN,10,8773.06000000005
WA,FRANKLIN,11,8937.280000000059
WA,FRANKLIN,12,9136.220000000067
WA,GARFIELD,1,503.02
WA,GARFIELD,2,430.41
WA,GARFIELD,3,601.3999999999999
WA,GARFIELD,4,555.4699999999999
WA,GARFIELD,5,535.26
WA,GARFIELD,6,501.0299999999999
WA,GARFIELD,7,543.4799999999999
WA,GARFIELD,8,461.92999999999984
WA,GARFIELD,9,488.48000000000013
WA,GARFIELD,10,537.8999999999997
WA,GARFIELD,11,484.4600000000001
WA,GARFIELD,12,587.0199999999999
WA,GRANT,1,20906.599999999948
WA,GRANT,2,20072.79000000005
WA,GRANT,3,24222.079999999933
WA,GRANT,4,22464.339999999895
WA,GRANT,5,22969.409999999945
WA,GRANT,6,23367.759999999955
WA,GRANT,7,23792.489999999903
WA,GRANT,8,25362.039999999855
WA,GRANT,9,23212.62999999987
WA,GRANT,10,22284.509999999984
WA,GRANT,11,21948.87
WA,GRANT,12,23430.799999999905
WA,GRAYS HARBOR,1,21032.290000000008
WA,GRAYS HARBOR,2,20489.83000000007
WA,GRAYS HARBOR,3,21369.060000000012
WA,GRAYS HARBOR,4,19452.560000000172
WA,GRAYS HARBOR,5,21589.260000000122
WA,GRAYS HARBOR,6,22033.51000000001
WA,GRAYS HARBOR,7,21841.39000000009
WA,GRAYS HARBOR,8,21499.91000000009
WA,GRAYS HARBOR,9,21797.400000000085
WA,GRAYS HARBOR,10,22511.799999999996
WA,GRAYS HARBOR,11,21216.68999999999
WA,GRAYS HARBOR,12,22872.88999999984
WA,ISLAND,1,10353.870000000117
WA,ISLAND,2,9903.77000000011
WA,ISLAND,3,10581.42000000018
WA,ISLAND,4,9602.510000000122
WA,ISLAND,5,10560.250000000135
WA,ISLAND,6,10342.46000000016
WA,ISLAND,7,9818.070000000127
WA,ISLAND,8,10114.06000000011
WA,ISLAND,9,10110.050000000105
WA,ISLAND,10,11335.73000000019
WA,ISLAND,11,9871.140000000109
WA,ISLAND,12,10625.97000000011
WA,JEFFERSON,1,3118.9600000000246
WA,JEFFERSON,2,3035.3200000000306
WA,JEFFERSON,3,3615.7500000000396
WA,JEFFERSON,4,3415.8800000000297
WA,JEFFERSON,5,3328.530000000024
WA,JEFFERSON,6,3494.1700000000415
WA,JEFFERSON,7,3773.770000000045
WA,JEFFERSON,8,3841.450000000039
WA,JEFFERSON,9,3596.900000000038
WA,JEFFERSON,10,3681.360000000036
WA,JEFFERSON,11,3723.6700000000337
WA,JEFFERSON,12,3859.1500000000506
WA,KING,1,342440.9500001076
WA,KING,2,327088.7000000878
WA,KING,3,364251.5000001425
WA,KING,4,342202.55000011023
WA,KING,5,357003.7200001257
WA,KING,6,365922.4200001401
WA,KING,7,358737.5300001355
WA,KING,8,363796.71000014903
WA,KING,9,346011.03000012715
WA,KING,10,365749.4100001475
WA,KING,11,343499.62000011327
WA,KING,12,370683.5200001549
WA,KITSAP,1,43829.61999999862
WA,KITSAP,2,41575.049999998635
WA,KITSAP,3,46837.80999999833
WA,KITSAP,4,45547.249999998356
WA,KITSAP,5,46745.06999999845
WA,KITSAP,6,46509.799999998395
WA,KITSAP,7,46358.529999998565
WA,KITSAP,8,47010.90999999852
WA,KITSAP,9,45519.13999999831
WA,KITSAP,10,49045.65999999804
WA,KITSAP,11,46415.209999998435
WA,KITSAP,12,50675.06999999843
WA,KITTITAS,1,5692.670000000044
WA,KITTITAS,2,5528.390000000047
WA,KITTITAS,3,6154.090000000022
WA,KITTITAS,4,5613.310000000053
WA,KITTITAS,5,5868.330000000057
WA,KITTITAS,6,5910.250000000036
WA,KITTITAS,7,5998.97000000004
WA,KITTITAS,8,6405.420000000037
WA,KITTITAS,9,6565.750000000042
WA,KITTITAS,10,6292.830000000047
WA,KITTITAS,11,6256.050000000037
WA,KITTITAS,12,6338.730000000031
WA,KLICKITAT,1,1498.5999999999967
WA,KLICKITAT,2,1488.809999999997
WA,KLICKITAT,3,1596.269999999995
WA,KLICKITAT,4,1387.489999999996
WA,KLICKITAT,5,1529.2499999999964
WA,KLICKITAT,6,1615.109999999997
WA,KLICKITAT,7,1616.7199999999957
WA,KLICKITAT,8,1531.1199999999956
WA,KLICKITAT,9,1461.5299999999972
WA,KLICKITAT,10,1648.4899999999952
WA,KLICKITAT,11,1599.259999999996
WA,KLICKITAT,12,1541.939999999996
WA,LEWIS,1,22282.619999999955
WA,LEWIS,2,21463.760000000053
WA,LEWIS,3,23496.86999999987
WA,LEWIS,4,21651.689999999984
WA,LEWIS,5,22693.299999999963
WA,LEWIS,6,22795.36999999986
WA,LEWIS,7,23065.089999999847
WA,LEWIS,8,23329.13999999986
WA,LEWIS,9,23001.04999999984
WA,LEWIS,10,23689.249999999687
WA,LEWIS,11,22117.769999999877
WA,LEWIS,12,24999.409999999574
WA,LINCOLN,1,2334.590000000001
WA,LINCOLN,2,2358.6300000000033
WA,LINCOLN,3,2445.1600000000085
WA,LINCOLN,4,2376.9300000000035
WA,LINCOLN,5,2442.090000000006
WA,LINCOLN,6,2638.9900000000093
WA,LINCOLN,7,2506.0000000000073
WA,LINCOLN,8,2647.940000000011
WA,LINCOLN,9,2655.7200000000134
WA,LINCOLN,10,2645.970000000013
WA,LINCOLN,11,2371.420000000003
WA,LINCOLN,12,2605.920000000016
WA,MASON,1,10878.510000000126
WA,MASON,2,10031.550000000116
WA,MASON,3,11364.080000000185
WA,MASON,4,10618.960000000148
WA,MASON,5,11488.76000000014
WA,MASON,6,11258.610000000132
WA,MASON,7,11341.740000000174
WA,MASON,8,11453.36000000016
WA,MASON,9,11905.170000000187
WA,MASON,10,11883.79000000022
WA,MASON,11,11238.920000000158
WA,MASON,12,12077.340000000173
WA,OKANOGAN,1,11559.770000000142
WA,OKANOGAN,2,10118.010000000057
WA,OKANOGAN,3,11777.500000000135
WA,OKANOGAN,4,10816.850000000084
WA,OKANOGAN,5,11312.070000000153
WA,OKANOGAN,6,11856.490000000158
WA,OKANOGAN,7,11794.510000000113
WA,OKANOGAN,8,11835.10000000012
WA,OKANOGAN,9,10876.400000000114
WA,OKANOGAN,10,11821.5600000001
WA,OKANOGAN,11,11307.570000000112
WA,OKANOGAN,12,11762.660000000089
WA,PACIFIC,1,7902.010000000002
WA,PACIFIC,2,8010.67000000002
WA,PACIFIC,3,8384.070000000029
WA,PACIFIC,4,8425.969999999998
WA,PACIFIC,5,8114.460000000009
WA,PACIFIC,6,9047.870000000006
WA,PACIFIC,7,8381.980000000016
WA,PACIFIC,8,8582.97000000003
WA,PACIFIC,9,8431.21000000002
WA,PACIFIC,10,9358.57000000002
WA,PACIFIC,11,8497.32
WA,PACIFIC,12,8302.140000000025
WA,PEND OREILLE,1,5273.890000000052
WA,PEND OREILLE,2,5023.940000000052
WA,PEND OREILLE,3,5145.670000000046
WA,PEND OREILLE,4,5079.410000000043
WA,PEND OREILLE,5,5046.600000000053
WA,PEND OREILLE,6,5114.020000000051
WA,PEND OREILLE,7,5119.490000000047
WA,PEND OREILLE,8,5164.220000000044
WA,PEND OREILLE,9,5152.940000000057
WA,PEND OREILLE,10,5328.420000000045
WA,PEND OREILLE,11,4930.95000000005
WA,PEND OREILLE,12,5287.820000000044
WA,PIERCE,1,146946.07999999964
WA,PIERCE,2,141494.3299999993
WA,PIERCE,3,158297.24999999738
WA,PIERCE,4,147080.76
WA,PIERCE,5,150847.87000000058
WA,PIERCE,6,154775.23000000036
WA,PIERCE,7,155026.92000000065
WA,PIERCE,8,156579.02999999915
WA,PIERCE,9,148518.08999999965
WA,PIERCE,10,157658.66000000032
WA,PIERCE,11,147371.50000000044
WA,PIERCE,12,161181.47000000076
WA,SAN JUAN,1,2161.0400000000013
WA,SAN JUAN,2,2229.5400000000022
WA,SAN JUAN,3,2303.0400000000045
WA,SAN JUAN,4,2164.8099999999977
WA,SAN JUAN,5,2182.159999999998
WA,SAN JUAN,6,2413.590000000008
WA,SAN JUAN,7,2587.870000000012
WA,SAN JUAN,8,2538.790000000015
WA,SAN JUAN,9,2366.290000000007
WA,SAN JUAN,10,2423.7200000000125
WA,SAN JUAN,11,2489.7000000000116
WA,SAN JUAN,12,2586.9300000000144
WA,SKAGIT,1,24840.0999999995
WA,SKAGIT,2,22039.599999999926
WA,SKAGIT,3,25957.139999999563
WA,SKAGIT,4,24107.159999999738
WA,SKAGIT,5,25201.02999999967
WA,SKAGIT,6,26642.30999999945
WA,SKAGIT,7,25859.11999999949
WA,SKAGIT,8,26453.01999999946
WA,SKAGIT,9,25326.17999999942
WA,SKAGIT,10,27465.80999999925
WA,SKAGIT,11,25638.139999999512
WA,SKAGIT,12,26175.459999999355
WA,SKAMANIA,1,1653.739999999997
WA,SKAMANIA,2,1445.6699999999971
WA,SKAMANIA,3,1703.419999999996
WA,SKAMANIA,4,1607.0499999999972
WA,SKAMANIA,5,1674.6799999999976
WA,SKAMANIA,6,1734.4899999999957
WA,SKAMANIA,7,1512.9599999999973
WA,SKAMANIA,8,1632.2299999999968
WA,SKAMANIA,9,1560.049999999997
WA,SKAMANIA,10,1652.9299999999967
WA,SKAMANIA,11,1576.8999999999985
WA,SKAMANIA,12,1596.6699999999964
WA,SNOHOMISH,1,176807.88000000006
WA,SNOHOMISH,2,166248.52000000144
WA,SNOHOMISH,3,188809.39999999834
WA,SNOHOMISH,4,176204.37999999922
WA,SNOHOMISH,5,183217.53999999922
WA,SNOHOMISH,6,184043.6100000001
WA,SNOHOMISH,7,186700.65000000157
WA,SNOHOMISH,8,185164.37000000154
WA,SNOHOMISH,9,180104.5100000012
WA,SNOHOMISH,10,188140.97000000265
WA,SNOHOMISH,11,181470.4800000016
WA,SNOHOMISH,12,194379.31000000273
WA,SPOKANE,1,115959.5700000011
WA,SPOKANE,2,111421.73000000123
WA,SPOKANE,3,125365.32000000286
WA,SPOKANE,4,114865.50999999973
WA,SPOKANE,5,121747.13000000153
WA,SPOKANE,6,121537.61000000093
WA,SPOKANE,7,121971.98000000147
WA,SPOKANE,8,123261.05000000166
WA,SPOKANE,9,116915.57000000028
WA,SPOKANE,10,125536.95000000145
WA,SPOKANE,11,118988.51000000097
WA,SPOKANE,12,127851.50000000204
WA,STEVENS,1,12952.650000000263
WA,STEVENS,2,12517.890000000252
WA,STEVENS,3,13485.340000000326
WA,STEVENS,4,12813.090000000324
WA,STEVENS,5,13261.320000000249
WA,STEVENS,6,13306.940000000328
WA,STEVENS,7,13186.670000000295
WA,STEVENS,8,13497.670000000295
WA,STEVENS,9,13286.960000000303
WA,STEVENS,10,13219.840000000291
WA,STEVENS,11,12964.42000000026
WA,STEVENS,12,13752.380000000305
WA,THURSTON,1,38373.1899999986
WA,THURSTON,2,36147.82999999894
WA,THURSTON,3,42053.869999998475
WA,THURSTON,4,38419.729999998744
WA,THURSTON,5,41390.109999998414
WA,THURSTON,6,40976.59999999855
WA,THURSTON,7,42578.049999998475
WA,THURSTON,8,40974.68999999859
WA,THURSTON,9,39424.269999998534
WA,THURSTON,10,43127.58999999809
WA,THURSTON,11,40535.31999999828
WA,THURSTON,12,43888.95999999862
WA,WAHKIAKUM,1,599.4099999999994
WA,WAHKIAKUM,2,617.0299999999996
WA,WAHKIAKUM,3,653.0599999999993
WA,WAHKIAKUM,4,565.0500000000001
WA,WAHKIAKUM,5,563.7899999999994
WA,WAHKIAKUM,6,580.7499999999995
WA,WAHKIAKUM,7,582.9099999999995
WA,WAHKIAKUM,8,617.88
WA,WAHKIAKUM,9,580.7399999999997
WA,WAHKIAKUM,10,599.0999999999997
WA,WAHKIAKUM,11,610.2199999999991
WA,WAHKIAKUM,12,583.9899999999996
WA,WALLA WALLA,1,10962.020000000182
WA,WALLA WALLA,2,9831.390000000125
WA,WALLA WALLA,3,11128.49000000023
WA,WALLA WALLA,4,10711.930000000208
WA,WALLA WALLA,5,10867.690000000206
WA,WALLA WALLA,6,11210.540000000266
WA,WALLA WALLA,7,11274.640000000265
WA,WALLA WALLA,8,11344.030000000235
WA,WALLA WALLA,9,10868.470000000187
WA,WALLA WALLA,10,11675.450000000248
WA,WALLA WALLA,11,10964.070000000209
WA,WALLA WALLA,12,11691.680000000271
WA,WHATCOM,1,26974.97999999969
WA,WHATCOM,2,26234.84999999978
WA,WHATCOM,3,29320.209999999515
WA,WHATCOM,4,27130.439999999617
WA,WHATCOM,5,28449.75999999971
WA,WHATCOM,6,28730.269999999655
WA,WHATCOM,7,28784.4899999994
WA,WHATCOM,8,28516.22999999944
WA,WHATCOM,9,27235.12999999962
WA,WHATCOM,10,28806.25999999949
WA,WHATCOM,11,27722.099999999566
WA,WHATCOM,12,29995.54999999937
WA,WHITMAN,1,4987.300000000043
WA,WHITMAN,2,4382.680000000055
WA,WHITMAN,3,5052.190000000047
WA,WHITMAN,4,4715.380000000048
WA,WHITMAN,5,4869.300000000059
WA,WHITMAN,6,4883.480000000041
WA,WHITMAN,7,5213.560000000043
WA,WHITMAN,8,4784.13000000005
WA,WHITMAN,9,4967.060000000052
WA,WHITMAN,10,5225.730000000054
WA,WHITMAN,11,4832.910000000047
WA,WHITMAN,12,5033.5700000000425
WA,YAKIMA,1,33935.409999998825
WA,YAKIMA,2,31570.229999998857
WA,YAKIMA,3,37517.179999998305
WA,YAKIMA,4,34148.7699999985
WA,YAKIMA,5,35899.12999999852
WA,YAKIMA,6,36594.37999999847
WA,YAKIMA,7,35657.59999999833
WA,YAKIMA,8,37062.9699999983
WA,YAKIMA,9,37395.689999998474
WA,YAKIMA,10,37580.279999998056
WA,YAKIMA,11,35204.17999999851
WA,YAKIMA,12,38451.059999998244
